http://www.mcgill.ca,http://www.mcgill.ca/home-page#main-column
http://www.mcgill.ca,http://www.mcgill.ca/home-page#nav
http://www.mcgill.ca,https://www.alumni.mcgill.ca/aoc/online-giving/step1.php?new=1
http://www.mcgill.ca,https://exchange.mcgill.ca/
http://www.mcgill.ca,http://www.mcgill.ca/minerva
http://www.mcgill.ca,https://mycourses2.mcgill.ca/Shibboleth.sso/Login
http://www.mcgill.ca,https://mymcgill.mcgill.ca
http://www.mcgill.ca,http://www.mcgill.ca/maps
http://www.mcgill.ca,http://www.mcgill.ca/directory/staff
http://www.mcgill.ca,http://www.mcgill.ca/
http://www.mcgill.ca/home-page#main-column,http://www.mcgill.ca/home-page#nav
http://www.mcgill.ca/home-page#main-column,https://www.alumni.mcgill.ca/aoc/online-giving/step1.php?new=1
http://www.mcgill.ca/home-page#main-column,https://exchange.mcgill.ca/
http://www.mcgill.ca/home-page#main-column,http://www.mcgill.ca/minerva
http://www.mcgill.ca/home-page#main-column,https://mycourses2.mcgill.ca/Shibboleth.sso/Login
http://www.mcgill.ca/home-page#main-column,https://mymcgill.mcgill.ca
http://www.mcgill.ca/home-page#main-column,http://www.mcgill.ca/maps
http://www.mcgill.ca/home-page#main-column,http://www.mcgill.ca/directory/staff
http://www.mcgill.ca/home-page#main-column,http://www.mcgill.ca/
http://www.mcgill.ca/home-page#nav,http://www.mcgill.ca/home-page#main-column
http://www.mcgill.ca/home-page#nav,https://www.alumni.mcgill.ca/aoc/online-giving/step1.php?new=1
http://www.mcgill.ca/home-page#nav,https://exchange.mcgill.ca/
http://www.mcgill.ca/home-page#nav,http://www.mcgill.ca/minerva
http://www.mcgill.ca/home-page#nav,https://mycourses2.mcgill.ca/Shibboleth.sso/Login
http://www.mcgill.ca/home-page#nav,https://mymcgill.mcgill.ca
http://www.mcgill.ca/home-page#nav,http://www.mcgill.ca/maps
http://www.mcgill.ca/home-page#nav,http://www.mcgill.ca/directory/staff
http://www.mcgill.ca/home-page#nav,http://www.mcgill.ca/
https://www.alumni.mcgill.ca/aoc/online-giving/step1.php?new=1,http://www.mcgill.ca/
https://www.alumni.mcgill.ca/aoc/online-giving/step1.php?new=1,http://aoc.mcgill.ca
https://www.alumni.mcgill.ca/aoc/online-giving/step1.php?new=1,http://aoc.mcgill.ca
https://www.alumni.mcgill.ca/aoc/online-giving/step1.php?new=1,http://aoc.mcgill.ca/home
https://www.alumni.mcgill.ca/aoc/online-giving/step1.php?new=1,http://aoc.mcgill.ca/network
https://www.alumni.mcgill.ca/aoc/online-giving/step1.php?new=1,http://aoc.mcgill.ca/benefits-services
https://www.alumni.mcgill.ca/aoc/online-giving/step1.php?new=1,https://www.alumni.mcgill.ca/aoc/events-travel
https://www.alumni.mcgill.ca/aoc/online-giving/step1.php?new=1,http://aoc.mcgill.ca/volunteer
https://www.alumni.mcgill.ca/aoc/online-giving/step1.php?new=1,http://aoc.mcgill.ca/give
https://www.alumni.mcgill.ca/aoc/online-giving/step1.php?new=1,http://aoc.mcgill.ca/travel
https://exchange.mcgill.ca/,http://www.microsoft.com/windows/ie/downloads/default.mspx
https://exchange.mcgill.ca/,https://exchange.mcgill.ca/owa/auth/logon.aspx?url=https://exchange.mcgill.ca/owa/&reason=0#
https://exchange.mcgill.ca/,https://exchange.mcgill.ca/owa/auth/logon.aspx?url=https://exchange.mcgill.ca/owa/&reason=0#
https://exchange.mcgill.ca/,http://go.microsoft.com/fwlink/?LinkID=129362
https://exchange.mcgill.ca/,http://kb.mcgill.ca/it/mcgillusername
https://exchange.mcgill.ca/,http://www.mcgill.ca/forgot-password
http://www.mcgill.ca/minerva,https://horizon.mcgill.ca/pban1/twbkwbis.P_WWWLogin#main_content
http://www.mcgill.ca/minerva,https://horizon.mcgill.ca/fr-PBAN1/twbkwbis.P_WWWLogin
http://www.mcgill.ca/minerva,http://www.is.mcgill.ca/whelp/gen_help/login.htm
http://www.mcgill.ca/minerva,https://horizon.mcgill.ca/pban1/twbkwbis.P_Logout
http://www.mcgill.ca/minerva,https://horizon.mcgill.ca/pban1/bzgkemlv.p_forgot_id
http://www.mcgill.ca/minerva,https://horizon.mcgill.ca/pban1/twbkwbis.P_WWWLogin#
http://www.mcgill.ca/minerva,http://www.mcgill.ca/forgot-password
http://www.mcgill.ca/minerva,http://www.mcgill.ca/secretariat/policies/informationtechnology
http://www.mcgill.ca/minerva,https://horizon.mcgill.ca/pban1/twbkwbis.P_WWWLogin#top
https://mycourses2.mcgill.ca/Shibboleth.sso/Login,http://kb.mcgill.ca/it/mcgillusername
https://mycourses2.mcgill.ca/Shibboleth.sso/Login,http://www.mcgill.ca/forgot-password
https://mycourses2.mcgill.ca/Shibboleth.sso/Login,http://www.mcgill.ca/secretariat/policies/informationtechnology
http://www.mcgill.ca/maps,http://www.mcgill.ca
http://www.mcgill.ca/maps,https://exchange.mcgill.ca/
http://www.mcgill.ca/maps,http://www.mcgill.ca/minerva
http://www.mcgill.ca/maps,https://mycourses2.mcgill.ca/Shibboleth.sso/Login
http://www.mcgill.ca/maps,https://mymcgill.mcgill.ca
http://www.mcgill.ca/maps,http://www.mcgill.ca/directory/staff
http://www.mcgill.ca/maps,http://www.mcgill.ca/
http://www.mcgill.ca/maps,http://www.mcgill.ca/
http://www.mcgill.ca/maps,http://www.mcgill.ca/about/
http://www.mcgill.ca/directory/staff,http://www.mcgill.ca
http://www.mcgill.ca/directory/staff,https://exchange.mcgill.ca/
http://www.mcgill.ca/directory/staff,http://www.mcgill.ca/minerva
http://www.mcgill.ca/directory/staff,https://mycourses2.mcgill.ca/Shibboleth.sso/Login
http://www.mcgill.ca/directory/staff,https://mymcgill.mcgill.ca
http://www.mcgill.ca/directory/staff,http://www.mcgill.ca/maps
http://www.mcgill.ca/directory/staff,http://www.mcgill.ca/
http://www.mcgill.ca/directory/staff,http://www.mcgill.ca/
http://www.mcgill.ca/directory/staff,http://www.mcgill.ca/about/
http://www.mcgill.ca/,http://www.mcgill.ca/home-page#main-column
http://www.mcgill.ca/,http://www.mcgill.ca/home-page#nav
http://www.mcgill.ca/,https://www.alumni.mcgill.ca/aoc/online-giving/step1.php?new=1
http://www.mcgill.ca/,https://exchange.mcgill.ca/
http://www.mcgill.ca/,http://www.mcgill.ca/minerva
http://www.mcgill.ca/,https://mycourses2.mcgill.ca/Shibboleth.sso/Login
http://www.mcgill.ca/,https://mymcgill.mcgill.ca
http://www.mcgill.ca/,http://www.mcgill.ca/maps
http://www.mcgill.ca/,http://www.mcgill.ca/directory/staff
http://aoc.mcgill.ca,http://www.mcgill.ca
http://aoc.mcgill.ca,http://aoc.mcgill.ca/fr
http://aoc.mcgill.ca,http://aoc.mcgill.ca/
http://aoc.mcgill.ca,http://aoc.mcgill.ca/
http://aoc.mcgill.ca,http://aoc.mcgill.ca/network
http://aoc.mcgill.ca,http://aoc.mcgill.ca/benefits-services
http://aoc.mcgill.ca,https://www.alumni.mcgill.ca/aoc/events-travel/registration/regwizEventsList.php?aoc=1
http://aoc.mcgill.ca,http://aoc.mcgill.ca/volunteer
http://aoc.mcgill.ca,http://aoc.mcgill.ca/give
http://aoc.mcgill.ca,http://aoc.mcgill.ca/travel
http://aoc.mcgill.ca/home,http://www.mcgill.ca
http://aoc.mcgill.ca/home,http://aoc.mcgill.ca/fr
http://aoc.mcgill.ca/home,http://aoc.mcgill.ca/
http://aoc.mcgill.ca/home,http://aoc.mcgill.ca/
http://aoc.mcgill.ca/home,http://aoc.mcgill.ca/network
http://aoc.mcgill.ca/home,http://aoc.mcgill.ca/benefits-services
http://aoc.mcgill.ca/home,https://www.alumni.mcgill.ca/aoc/events-travel/registration/regwizEventsList.php?aoc=1
http://aoc.mcgill.ca/home,http://aoc.mcgill.ca/volunteer
http://aoc.mcgill.ca/home,http://aoc.mcgill.ca/give
http://aoc.mcgill.ca/home,http://aoc.mcgill.ca/travel
http://aoc.mcgill.ca/network,http://www.mcgill.ca
http://aoc.mcgill.ca/network,http://aoc.mcgill.ca/fr/r%C3%A9seauter
http://aoc.mcgill.ca/network,http://aoc.mcgill.ca/
http://aoc.mcgill.ca/network,http://aoc.mcgill.ca/
http://aoc.mcgill.ca/network,http://aoc.mcgill.ca/benefits-services
http://aoc.mcgill.ca/network,https://www.alumni.mcgill.ca/aoc/events-travel/registration/regwizEventsList.php?aoc=1
http://aoc.mcgill.ca/network,http://aoc.mcgill.ca/volunteer
http://aoc.mcgill.ca/network,http://aoc.mcgill.ca/give
http://aoc.mcgill.ca/network,http://aoc.mcgill.ca/travel
http://aoc.mcgill.ca/benefits-services,http://www.mcgill.ca
http://aoc.mcgill.ca/benefits-services,http://aoc.mcgill.ca/fr/avantages-services
http://aoc.mcgill.ca/benefits-services,http://aoc.mcgill.ca/
http://aoc.mcgill.ca/benefits-services,http://aoc.mcgill.ca/
http://aoc.mcgill.ca/benefits-services,http://aoc.mcgill.ca/network
http://aoc.mcgill.ca/benefits-services,https://www.alumni.mcgill.ca/aoc/events-travel/registration/regwizEventsList.php?aoc=1
http://aoc.mcgill.ca/benefits-services,http://aoc.mcgill.ca/volunteer
http://aoc.mcgill.ca/benefits-services,http://aoc.mcgill.ca/give
http://aoc.mcgill.ca/benefits-services,http://aoc.mcgill.ca/travel
https://www.alumni.mcgill.ca/aoc/events-travel,http://www.mcgill.ca/
https://www.alumni.mcgill.ca/aoc/events-travel,http://aoc.mcgill.ca
https://www.alumni.mcgill.ca/aoc/events-travel,http://aoc.mcgill.ca
https://www.alumni.mcgill.ca/aoc/events-travel,http://aoc.mcgill.ca/home
https://www.alumni.mcgill.ca/aoc/events-travel,http://aoc.mcgill.ca/network
https://www.alumni.mcgill.ca/aoc/events-travel,http://aoc.mcgill.ca/benefits-services
https://www.alumni.mcgill.ca/aoc/events-travel,http://aoc.mcgill.ca/volunteer
https://www.alumni.mcgill.ca/aoc/events-travel,http://aoc.mcgill.ca/give
https://www.alumni.mcgill.ca/aoc/events-travel,http://aoc.mcgill.ca/travel
http://aoc.mcgill.ca/volunteer,http://www.mcgill.ca
http://aoc.mcgill.ca/volunteer,http://aoc.mcgill.ca/fr/benevolat
http://aoc.mcgill.ca/volunteer,http://aoc.mcgill.ca/
http://aoc.mcgill.ca/volunteer,http://aoc.mcgill.ca/
http://aoc.mcgill.ca/volunteer,http://aoc.mcgill.ca/network
http://aoc.mcgill.ca/volunteer,http://aoc.mcgill.ca/benefits-services
http://aoc.mcgill.ca/volunteer,https://www.alumni.mcgill.ca/aoc/events-travel/registration/regwizEventsList.php?aoc=1
http://aoc.mcgill.ca/volunteer,http://aoc.mcgill.ca/give
http://aoc.mcgill.ca/volunteer,http://aoc.mcgill.ca/travel
http://aoc.mcgill.ca/give,http://www.mcgill.ca
http://aoc.mcgill.ca/give,http://aoc.mcgill.ca/fr/donner
http://aoc.mcgill.ca/give,http://aoc.mcgill.ca/
http://aoc.mcgill.ca/give,http://aoc.mcgill.ca/
http://aoc.mcgill.ca/give,http://aoc.mcgill.ca/network
http://aoc.mcgill.ca/give,http://aoc.mcgill.ca/benefits-services
http://aoc.mcgill.ca/give,https://www.alumni.mcgill.ca/aoc/events-travel/registration/regwizEventsList.php?aoc=1
http://aoc.mcgill.ca/give,http://aoc.mcgill.ca/volunteer
http://aoc.mcgill.ca/give,http://aoc.mcgill.ca/travel
http://aoc.mcgill.ca/travel,http://www.mcgill.ca
http://aoc.mcgill.ca/travel,http://aoc.mcgill.ca/fr/voyager
http://aoc.mcgill.ca/travel,http://aoc.mcgill.ca/
http://aoc.mcgill.ca/travel,http://aoc.mcgill.ca/
http://aoc.mcgill.ca/travel,http://aoc.mcgill.ca/network
http://aoc.mcgill.ca/travel,http://aoc.mcgill.ca/benefits-services
http://aoc.mcgill.ca/travel,https://www.alumni.mcgill.ca/aoc/events-travel/registration/regwizEventsList.php?aoc=1
http://aoc.mcgill.ca/travel,http://aoc.mcgill.ca/volunteer
http://aoc.mcgill.ca/travel,http://aoc.mcgill.ca/give
http://www.microsoft.com/windows/ie/downloads/default.mspx,http://windows.microsoft.com/en-us/windows/home
http://www.microsoft.com/windows/ie/downloads/default.mspx,http://windows.microsoft.com/en-us/windows/home
http://www.microsoft.com/windows/ie/downloads/default.mspx,http://windows.microsoft.com:80/en-us/internet-explorer/download-ie#bodyContentPane
http://www.microsoft.com/windows/ie/downloads/default.mspx,http://windows.microsoft.com/en-us/windows-8/why-windows
http://www.microsoft.com/windows/ie/downloads/default.mspx,http://windows.microsoft.com/en-us/windows-8/apps
http://www.microsoft.com/windows/ie/downloads/default.mspx,http://windows.microsoft.com/en-us/windows-8/windows-pcs
http://www.microsoft.com/windows/ie/downloads/default.mspx,http://windows.microsoft.com/en-us/windows/downloads
http://www.microsoft.com/windows/ie/downloads/default.mspx,http://windows.microsoft.com/en-us/windows/support
http://www.microsoft.com/windows/ie/downloads/default.mspx,https://account.live.com/summarypage.aspx
http://www.microsoft.com/windows/ie/downloads/default.mspx,http://login.live.com:80/logout.srf?rver=6.1.6206.0&lc=1033&id=285275&ru=https%3a%2f%2fredir.windows.microsoft.com%2fliveid%3fru%3den-us%252finternet-explorer%252fdownload-ie
https://exchange.mcgill.ca/owa/auth/logon.aspx?url=https://exchange.mcgill.ca/owa/&reason=0#,http://www.microsoft.com/windows/ie/downloads/default.mspx
https://exchange.mcgill.ca/owa/auth/logon.aspx?url=https://exchange.mcgill.ca/owa/&reason=0#,http://go.microsoft.com/fwlink/?LinkID=129362
https://exchange.mcgill.ca/owa/auth/logon.aspx?url=https://exchange.mcgill.ca/owa/&reason=0#,http://kb.mcgill.ca/it/mcgillusername
https://exchange.mcgill.ca/owa/auth/logon.aspx?url=https://exchange.mcgill.ca/owa/&reason=0#,http://www.mcgill.ca/forgot-password
http://go.microsoft.com/fwlink/?LinkID=129362,http://help.outlook.com/en-us/140/default(d=loband).aspx
http://go.microsoft.com/fwlink/?LinkID=129362,http://help.outlook.com/id-id/140/bb899685(d=loband).aspx
http://go.microsoft.com/fwlink/?LinkID=129362,http://help.outlook.com/ms-my/140/bb899685(d=loband).aspx
http://go.microsoft.com/fwlink/?LinkID=129362,http://help.outlook.com/ca-es/140/bb899685(d=loband).aspx
http://go.microsoft.com/fwlink/?LinkID=129362,http://help.outlook.com/de-de/140/bb899685(d=loband).aspx
http://go.microsoft.com/fwlink/?LinkID=129362,http://help.outlook.com/en-au/140/bb899685(d=loband).aspx
http://go.microsoft.com/fwlink/?LinkID=129362,http://help.outlook.com/en-ca/140/bb899685(d=loband).aspx
http://go.microsoft.com/fwlink/?LinkID=129362,http://help.outlook.com/en-in/140/bb899685(d=loband).aspx
http://go.microsoft.com/fwlink/?LinkID=129362,http://help.outlook.com/en-gb/140/bb899685(d=loband).aspx
http://go.microsoft.com/fwlink/?LinkID=129362,http://help.outlook.com/en-us/140/bb899685(d=loband).aspx
https://horizon.mcgill.ca/pban1/twbkwbis.P_WWWLogin#main_content,https://horizon.mcgill.ca/fr-PBAN1/twbkwbis.P_WWWLogin
https://horizon.mcgill.ca/pban1/twbkwbis.P_WWWLogin#main_content,http://www.is.mcgill.ca/whelp/gen_help/login.htm
https://horizon.mcgill.ca/pban1/twbkwbis.P_WWWLogin#main_content,https://horizon.mcgill.ca/pban1/twbkwbis.P_Logout
https://horizon.mcgill.ca/pban1/twbkwbis.P_WWWLogin#main_content,https://horizon.mcgill.ca/pban1/bzgkemlv.p_forgot_id
https://horizon.mcgill.ca/pban1/twbkwbis.P_WWWLogin#main_content,https://horizon.mcgill.ca/pban1/twbkwbis.P_WWWLogin#
https://horizon.mcgill.ca/pban1/twbkwbis.P_WWWLogin#main_content,http://www.mcgill.ca/forgot-password
https://horizon.mcgill.ca/pban1/twbkwbis.P_WWWLogin#main_content,http://www.mcgill.ca/secretariat/policies/informationtechnology
https://horizon.mcgill.ca/pban1/twbkwbis.P_WWWLogin#main_content,https://horizon.mcgill.ca/pban1/twbkwbis.P_WWWLogin#top
https://horizon.mcgill.ca/fr-PBAN1/twbkwbis.P_WWWLogin,https://horizon.mcgill.ca/fr-PBAN1/twbkwbis.P_WWWLogin#main_content
https://horizon.mcgill.ca/fr-PBAN1/twbkwbis.P_WWWLogin,https://horizon.mcgill.ca/pban1/twbkwbis.P_WWWLogin
https://horizon.mcgill.ca/fr-PBAN1/twbkwbis.P_WWWLogin,http://www.is.mcgill.ca/whelp/gen_help/login.htm#french
https://horizon.mcgill.ca/fr-PBAN1/twbkwbis.P_WWWLogin,https://horizon.mcgill.ca/fr-PBAN1/twbkwbis.P_Logout
https://horizon.mcgill.ca/fr-PBAN1/twbkwbis.P_WWWLogin,https://horizon.mcgill.ca/fr-PBAN1/bzgkemlv.p_forgot_id
https://horizon.mcgill.ca/fr-PBAN1/twbkwbis.P_WWWLogin,https://horizon.mcgill.ca/fr-PBAN1/twbkwbis.P_WWWLogin#
https://horizon.mcgill.ca/fr-PBAN1/twbkwbis.P_WWWLogin,http://www.mcgill.ca/forgot-password
https://horizon.mcgill.ca/fr-PBAN1/twbkwbis.P_WWWLogin,http://www.mcgill.ca/secretariat/policies/informationtechnology
https://horizon.mcgill.ca/fr-PBAN1/twbkwbis.P_WWWLogin,https://horizon.mcgill.ca/fr-PBAN1/twbkwbis.P_WWWLogin#top
http://www.is.mcgill.ca/whelp/gen_help/login.htm,http://www.is.mcgill.ca/whelp/gen_help/login.htm#french
http://www.is.mcgill.ca/whelp/gen_help/login.htm,http://kb.mcgill.ca/it/easylink/article.html?id=1431
http://www.is.mcgill.ca/whelp/gen_help/login.htm,http://kb.mcgill.ca/it/servicedesk
http://www.is.mcgill.ca/whelp/gen_help/login.htm,http://www.is.mcgill.ca/whelp/gen_help/login.htm#references
http://www.is.mcgill.ca/whelp/gen_help/login.htm,http://www.is.mcgill.ca/whelp/gen_help/login.htm#loginFirstTime
http://www.is.mcgill.ca/whelp/gen_help/login.htm,http://www.is.mcgill.ca/whelp/gen_help/login.htm#forgetID
http://www.is.mcgill.ca/whelp/gen_help/login.htm,http://www.is.mcgill.ca/whelp/gen_help/login.htm#forgetPIN
http://www.is.mcgill.ca/whelp/gen_help/login.htm,http://www.is.mcgill.ca/whelp/gen_help/login.htm#forgetPwd
http://www.is.mcgill.ca/whelp/gen_help/login.htm,http://www.is.mcgill.ca/whelp/gen_help/login.htm#changePIN_Pwd
http://www.is.mcgill.ca/whelp/gen_help/login.htm,http://www.is.mcgill.ca/whelp/gen_help/login.htm#before2002
https://horizon.mcgill.ca/pban1/twbkwbis.P_Logout,https://horizon.mcgill.ca/pban1/twbkwbis.P_Logout#main_content
https://horizon.mcgill.ca/pban1/twbkwbis.P_Logout,http://www.is.mcgill.ca/whelp/gen_help/default_help.htm
https://horizon.mcgill.ca/pban1/twbkwbis.P_Logout,https://horizon.mcgill.ca/pban1/twbkwbis.P_WWWLogin
https://horizon.mcgill.ca/pban1/twbkwbis.P_Logout,http://www.mcgill.ca
https://horizon.mcgill.ca/pban1/twbkwbis.P_Logout,https://horizon.mcgill.ca/pban1/twbkwbis.P_Logout#top
https://horizon.mcgill.ca/pban1/bzgkemlv.p_forgot_id,https://horizon.mcgill.ca/pban1/bzgkemlv.p_forgot_id#main_content
https://horizon.mcgill.ca/pban1/bzgkemlv.p_forgot_id,http://www.is.mcgill.ca/whelp/gen_help/forgot_id.htm
https://horizon.mcgill.ca/pban1/bzgkemlv.p_forgot_id,https://horizon.mcgill.ca/pban1/twbkwbis.P_Logout
https://horizon.mcgill.ca/pban1/bzgkemlv.p_forgot_id,https://horizon.mcgill.ca/pban1/bzgkemlv.p_forgot_id#top
https://horizon.mcgill.ca/pban1/twbkwbis.P_WWWLogin#,https://horizon.mcgill.ca/pban1/twbkwbis.P_WWWLogin#main_content
https://horizon.mcgill.ca/pban1/twbkwbis.P_WWWLogin#,https://horizon.mcgill.ca/fr-PBAN1/twbkwbis.P_WWWLogin
https://horizon.mcgill.ca/pban1/twbkwbis.P_WWWLogin#,http://www.is.mcgill.ca/whelp/gen_help/login.htm
https://horizon.mcgill.ca/pban1/twbkwbis.P_WWWLogin#,https://horizon.mcgill.ca/pban1/twbkwbis.P_Logout
https://horizon.mcgill.ca/pban1/twbkwbis.P_WWWLogin#,https://horizon.mcgill.ca/pban1/bzgkemlv.p_forgot_id
https://horizon.mcgill.ca/pban1/twbkwbis.P_WWWLogin#,http://www.mcgill.ca/forgot-password
https://horizon.mcgill.ca/pban1/twbkwbis.P_WWWLogin#,http://www.mcgill.ca/secretariat/policies/informationtechnology
https://horizon.mcgill.ca/pban1/twbkwbis.P_WWWLogin#,https://horizon.mcgill.ca/pban1/twbkwbis.P_WWWLogin#top
http://www.mcgill.ca/secretariat/policies/informationtechnology,http://www.mcgill.ca
http://www.mcgill.ca/secretariat/policies/informationtechnology,https://exchange.mcgill.ca/
http://www.mcgill.ca/secretariat/policies/informationtechnology,http://www.mcgill.ca/minerva
http://www.mcgill.ca/secretariat/policies/informationtechnology,https://mycourses2.mcgill.ca/Shibboleth.sso/Login
http://www.mcgill.ca/secretariat/policies/informationtechnology,https://mymcgill.mcgill.ca
http://www.mcgill.ca/secretariat/policies/informationtechnology,http://www.mcgill.ca/maps
http://www.mcgill.ca/secretariat/policies/informationtechnology,http://www.mcgill.ca/directory/staff
http://www.mcgill.ca/secretariat/policies/informationtechnology,http://www.mcgill.ca/
http://www.mcgill.ca/secretariat/policies/informationtechnology,http://www.mcgill.ca/
http://www.mcgill.ca/secretariat/policies/informationtechnology,http://www.mcgill.ca/about/
https://horizon.mcgill.ca/pban1/twbkwbis.P_WWWLogin#top,https://horizon.mcgill.ca/pban1/twbkwbis.P_WWWLogin#main_content
https://horizon.mcgill.ca/pban1/twbkwbis.P_WWWLogin#top,https://horizon.mcgill.ca/fr-PBAN1/twbkwbis.P_WWWLogin
https://horizon.mcgill.ca/pban1/twbkwbis.P_WWWLogin#top,http://www.is.mcgill.ca/whelp/gen_help/login.htm
https://horizon.mcgill.ca/pban1/twbkwbis.P_WWWLogin#top,https://horizon.mcgill.ca/pban1/twbkwbis.P_Logout
https://horizon.mcgill.ca/pban1/twbkwbis.P_WWWLogin#top,https://horizon.mcgill.ca/pban1/bzgkemlv.p_forgot_id
https://horizon.mcgill.ca/pban1/twbkwbis.P_WWWLogin#top,https://horizon.mcgill.ca/pban1/twbkwbis.P_WWWLogin#
https://horizon.mcgill.ca/pban1/twbkwbis.P_WWWLogin#top,http://www.mcgill.ca/forgot-password
https://horizon.mcgill.ca/pban1/twbkwbis.P_WWWLogin#top,http://www.mcgill.ca/secretariat/policies/informationtechnology
http://www.mcgill.ca/about/,http://www.mcgill.ca
http://www.mcgill.ca/about/,https://exchange.mcgill.ca/
http://www.mcgill.ca/about/,http://www.mcgill.ca/minerva
http://www.mcgill.ca/about/,https://mycourses2.mcgill.ca/Shibboleth.sso/Login
http://www.mcgill.ca/about/,https://mymcgill.mcgill.ca
http://www.mcgill.ca/about/,http://www.mcgill.ca/maps
http://www.mcgill.ca/about/,http://www.mcgill.ca/directory/staff
http://www.mcgill.ca/about/,http://www.mcgill.ca/
http://www.mcgill.ca/about/,http://www.mcgill.ca/
http://aoc.mcgill.ca/fr,http://www.mcgill.ca
http://aoc.mcgill.ca/fr,http://aoc.mcgill.ca/
http://aoc.mcgill.ca/fr,http://aoc.mcgill.ca/
http://aoc.mcgill.ca/fr,http://aoc.mcgill.ca/fr/home-and-auto-insurance
http://aoc.mcgill.ca/fr,http://aoc.mcgill.ca/fr/accueil
http://aoc.mcgill.ca/fr,http://aoc.mcgill.ca/fr/r%C3%A9seauter
http://aoc.mcgill.ca/fr,http://aoc.mcgill.ca/fr/avantages-services
http://aoc.mcgill.ca/fr,https://www.alumni.mcgill.ca/aoc/events-travel/registration/regwizEventsList.php?aoc=1
http://aoc.mcgill.ca/fr,http://aoc.mcgill.ca/fr/benevolat
http://aoc.mcgill.ca/fr,http://aoc.mcgill.ca/fr/donner
http://aoc.mcgill.ca/,http://www.mcgill.ca
http://aoc.mcgill.ca/,http://aoc.mcgill.ca/fr
http://aoc.mcgill.ca/,http://aoc.mcgill.ca/network
http://aoc.mcgill.ca/,http://aoc.mcgill.ca/benefits-services
http://aoc.mcgill.ca/,https://www.alumni.mcgill.ca/aoc/events-travel/registration/regwizEventsList.php?aoc=1
http://aoc.mcgill.ca/,http://aoc.mcgill.ca/volunteer
http://aoc.mcgill.ca/,http://aoc.mcgill.ca/give
http://aoc.mcgill.ca/,http://aoc.mcgill.ca/travel
https://www.alumni.mcgill.ca/aoc/events-travel/registration/regwizEventsList.php?aoc=1,http://www.mcgill.ca/
https://www.alumni.mcgill.ca/aoc/events-travel/registration/regwizEventsList.php?aoc=1,http://aoc.mcgill.ca
https://www.alumni.mcgill.ca/aoc/events-travel/registration/regwizEventsList.php?aoc=1,http://aoc.mcgill.ca
https://www.alumni.mcgill.ca/aoc/events-travel/registration/regwizEventsList.php?aoc=1,http://aoc.mcgill.ca/home
https://www.alumni.mcgill.ca/aoc/events-travel/registration/regwizEventsList.php?aoc=1,http://aoc.mcgill.ca/network
https://www.alumni.mcgill.ca/aoc/events-travel/registration/regwizEventsList.php?aoc=1,http://aoc.mcgill.ca/benefits-services
https://www.alumni.mcgill.ca/aoc/events-travel/registration/regwizEventsList.php?aoc=1,https://www.alumni.mcgill.ca/aoc/events-travel
https://www.alumni.mcgill.ca/aoc/events-travel/registration/regwizEventsList.php?aoc=1,http://aoc.mcgill.ca/volunteer
https://www.alumni.mcgill.ca/aoc/events-travel/registration/regwizEventsList.php?aoc=1,http://aoc.mcgill.ca/give
https://www.alumni.mcgill.ca/aoc/events-travel/registration/regwizEventsList.php?aoc=1,http://aoc.mcgill.ca/travel
http://aoc.mcgill.ca/fr/r%C3%A9seauter,http://www.mcgill.ca
http://aoc.mcgill.ca/fr/r%C3%A9seauter,http://aoc.mcgill.ca/network
http://aoc.mcgill.ca/fr/r%C3%A9seauter,http://aoc.mcgill.ca/
http://aoc.mcgill.ca/fr/r%C3%A9seauter,http://aoc.mcgill.ca/fr/home-and-auto-insurance
http://aoc.mcgill.ca/fr/r%C3%A9seauter,http://aoc.mcgill.ca/fr/accueil
http://aoc.mcgill.ca/fr/r%C3%A9seauter,http://aoc.mcgill.ca/fr/avantages-services
http://aoc.mcgill.ca/fr/r%C3%A9seauter,https://www.alumni.mcgill.ca/aoc/events-travel/registration/regwizEventsList.php?aoc=1
http://aoc.mcgill.ca/fr/r%C3%A9seauter,http://aoc.mcgill.ca/fr/benevolat
http://aoc.mcgill.ca/fr/r%C3%A9seauter,http://aoc.mcgill.ca/fr/donner
http://aoc.mcgill.ca/fr/avantages-services,http://www.mcgill.ca
http://aoc.mcgill.ca/fr/avantages-services,http://aoc.mcgill.ca/benefits-services
http://aoc.mcgill.ca/fr/avantages-services,http://aoc.mcgill.ca/
http://aoc.mcgill.ca/fr/avantages-services,http://aoc.mcgill.ca/fr/home-and-auto-insurance
http://aoc.mcgill.ca/fr/avantages-services,http://aoc.mcgill.ca/fr/accueil
http://aoc.mcgill.ca/fr/avantages-services,http://aoc.mcgill.ca/fr/r%C3%A9seauter
http://aoc.mcgill.ca/fr/avantages-services,https://www.alumni.mcgill.ca/aoc/events-travel/registration/regwizEventsList.php?aoc=1
http://aoc.mcgill.ca/fr/avantages-services,http://aoc.mcgill.ca/fr/benevolat
http://aoc.mcgill.ca/fr/avantages-services,http://aoc.mcgill.ca/fr/donner
http://aoc.mcgill.ca/fr/benevolat,http://www.mcgill.ca
http://aoc.mcgill.ca/fr/benevolat,http://aoc.mcgill.ca/volunteer
http://aoc.mcgill.ca/fr/benevolat,http://aoc.mcgill.ca/
http://aoc.mcgill.ca/fr/benevolat,http://aoc.mcgill.ca/fr/home-and-auto-insurance
http://aoc.mcgill.ca/fr/benevolat,http://aoc.mcgill.ca/fr/accueil
http://aoc.mcgill.ca/fr/benevolat,http://aoc.mcgill.ca/fr/r%C3%A9seauter
http://aoc.mcgill.ca/fr/benevolat,http://aoc.mcgill.ca/fr/avantages-services
http://aoc.mcgill.ca/fr/benevolat,https://www.alumni.mcgill.ca/aoc/events-travel/registration/regwizEventsList.php?aoc=1
http://aoc.mcgill.ca/fr/benevolat,http://aoc.mcgill.ca/fr/donner
http://aoc.mcgill.ca/fr/donner,http://www.mcgill.ca
http://aoc.mcgill.ca/fr/donner,http://aoc.mcgill.ca/give
http://aoc.mcgill.ca/fr/donner,http://aoc.mcgill.ca/
http://aoc.mcgill.ca/fr/donner,http://aoc.mcgill.ca/fr/home-and-auto-insurance
http://aoc.mcgill.ca/fr/donner,http://aoc.mcgill.ca/fr/accueil
http://aoc.mcgill.ca/fr/donner,http://aoc.mcgill.ca/fr/r%C3%A9seauter
http://aoc.mcgill.ca/fr/donner,http://aoc.mcgill.ca/fr/avantages-services
http://aoc.mcgill.ca/fr/donner,https://www.alumni.mcgill.ca/aoc/events-travel/registration/regwizEventsList.php?aoc=1
http://aoc.mcgill.ca/fr/donner,http://aoc.mcgill.ca/fr/benevolat
http://aoc.mcgill.ca/fr/voyager,http://www.mcgill.ca
http://aoc.mcgill.ca/fr/voyager,http://aoc.mcgill.ca/travel
http://aoc.mcgill.ca/fr/voyager,http://aoc.mcgill.ca/
http://aoc.mcgill.ca/fr/voyager,http://aoc.mcgill.ca/fr/home-and-auto-insurance
http://aoc.mcgill.ca/fr/voyager,http://aoc.mcgill.ca/fr/accueil
http://aoc.mcgill.ca/fr/voyager,http://aoc.mcgill.ca/fr/r%C3%A9seauter
http://aoc.mcgill.ca/fr/voyager,http://aoc.mcgill.ca/fr/avantages-services
http://aoc.mcgill.ca/fr/voyager,https://www.alumni.mcgill.ca/aoc/events-travel/registration/regwizEventsList.php?aoc=1
http://aoc.mcgill.ca/fr/voyager,http://aoc.mcgill.ca/fr/benevolat
http://aoc.mcgill.ca/fr/voyager,http://aoc.mcgill.ca/fr/donner
http://windows.microsoft.com/en-us/windows/home,http://windows.microsoft.com/en-us/windows/home#bodyContentPane
http://windows.microsoft.com/en-us/windows/home,http://windows.microsoft.com/en-us/windows-8/why-windows
http://windows.microsoft.com/en-us/windows/home,http://windows.microsoft.com/en-us/windows-8/apps
http://windows.microsoft.com/en-us/windows/home,http://windows.microsoft.com/en-us/windows-8/windows-pcs
http://windows.microsoft.com/en-us/windows/home,http://windows.microsoft.com/en-us/windows/downloads
http://windows.microsoft.com/en-us/windows/home,http://windows.microsoft.com/en-us/windows/support
http://windows.microsoft.com/en-us/windows/home,https://account.live.com/summarypage.aspx
http://windows.microsoft.com/en-us/windows/home,http://login.live.com:80/logout.srf?rver=6.1.6206.0&lc=1033&id=285275&ru=https%3a%2f%2fredir.windows.microsoft.com%2fliveid%3fru%3den-us%252fwindows%252fhome
http://windows.microsoft.com:80/en-us/internet-explorer/download-ie#bodyContentPane,http://windows.microsoft.com/en-us/windows/home
http://windows.microsoft.com:80/en-us/internet-explorer/download-ie#bodyContentPane,http://windows.microsoft.com/en-us/windows/home
http://windows.microsoft.com:80/en-us/internet-explorer/download-ie#bodyContentPane,http://windows.microsoft.com/en-us/windows-8/why-windows
http://windows.microsoft.com:80/en-us/internet-explorer/download-ie#bodyContentPane,http://windows.microsoft.com/en-us/windows-8/apps
http://windows.microsoft.com:80/en-us/internet-explorer/download-ie#bodyContentPane,http://windows.microsoft.com/en-us/windows-8/windows-pcs
http://windows.microsoft.com:80/en-us/internet-explorer/download-ie#bodyContentPane,http://windows.microsoft.com/en-us/windows/downloads
http://windows.microsoft.com:80/en-us/internet-explorer/download-ie#bodyContentPane,http://windows.microsoft.com/en-us/windows/support
http://windows.microsoft.com:80/en-us/internet-explorer/download-ie#bodyContentPane,https://account.live.com/summarypage.aspx
http://windows.microsoft.com:80/en-us/internet-explorer/download-ie#bodyContentPane,http://login.live.com:80/logout.srf?rver=6.1.6206.0&lc=1033&id=285275&ru=https%3a%2f%2fredir.windows.microsoft.com%2fliveid%3fru%3den-us%252finternet-explorer%252fdownload-ie
http://windows.microsoft.com/en-us/windows-8/why-windows,http://windows.microsoft.com/en-us/windows/home
http://windows.microsoft.com/en-us/windows-8/why-windows,http://windows.microsoft.com/en-us/windows/home
http://windows.microsoft.com/en-us/windows-8/why-windows,http://windows.microsoft.com/en-us/windows-8/why-windows#bodyContentPane
http://windows.microsoft.com/en-us/windows-8/why-windows,http://windows.microsoft.com/en-us/windows-8/apps
http://windows.microsoft.com/en-us/windows-8/why-windows,http://windows.microsoft.com/en-us/windows-8/windows-pcs
http://windows.microsoft.com/en-us/windows-8/why-windows,http://windows.microsoft.com/en-us/windows/downloads
http://windows.microsoft.com/en-us/windows-8/why-windows,http://windows.microsoft.com/en-us/windows/support
http://windows.microsoft.com/en-us/windows-8/why-windows,https://account.live.com/summarypage.aspx
http://windows.microsoft.com/en-us/windows-8/why-windows,http://login.live.com:80/logout.srf?rver=6.1.6206.0&lc=1033&id=285275&ru=https%3a%2f%2fredir.windows.microsoft.com%2fliveid%3fru%3den-us%252fwindows-8%252fwhy-windows
http://windows.microsoft.com/en-us/windows-8/apps,http://windows.microsoft.com/en-us/windows/home
http://windows.microsoft.com/en-us/windows-8/apps,http://windows.microsoft.com/en-us/windows/home
http://windows.microsoft.com/en-us/windows-8/apps,http://windows.microsoft.com/en-us/windows-8/apps#bodyContentPane
http://windows.microsoft.com/en-us/windows-8/apps,http://windows.microsoft.com/en-us/windows-8/why-windows
http://windows.microsoft.com/en-us/windows-8/apps,http://windows.microsoft.com/en-us/windows-8/windows-pcs
http://windows.microsoft.com/en-us/windows-8/apps,http://windows.microsoft.com/en-us/windows/downloads
http://windows.microsoft.com/en-us/windows-8/apps,http://windows.microsoft.com/en-us/windows/support
http://windows.microsoft.com/en-us/windows-8/apps,https://account.live.com/summarypage.aspx
http://windows.microsoft.com/en-us/windows-8/apps,http://login.live.com:80/logout.srf?rver=6.1.6206.0&lc=1033&id=285275&ru=https%3a%2f%2fredir.windows.microsoft.com%2fliveid%3fru%3den-us%252fwindows-8%252fapps
http://windows.microsoft.com/en-us/windows-8/windows-pcs,http://windows.microsoft.com/en-us/windows/home
http://windows.microsoft.com/en-us/windows-8/windows-pcs,http://windows.microsoft.com/en-us/windows/home
http://windows.microsoft.com/en-us/windows-8/windows-pcs,http://windows.microsoft.com/en-us/windows-8/windows-pcs#bodyContentPane
http://windows.microsoft.com/en-us/windows-8/windows-pcs,http://windows.microsoft.com/en-us/windows-8/why-windows
http://windows.microsoft.com/en-us/windows-8/windows-pcs,http://windows.microsoft.com/en-us/windows-8/apps
http://windows.microsoft.com/en-us/windows-8/windows-pcs,http://windows.microsoft.com/en-us/windows/downloads
http://windows.microsoft.com/en-us/windows-8/windows-pcs,http://windows.microsoft.com/en-us/windows/support
http://windows.microsoft.com/en-us/windows-8/windows-pcs,https://account.live.com/summarypage.aspx
http://windows.microsoft.com/en-us/windows-8/windows-pcs,http://login.live.com:80/logout.srf?rver=6.1.6206.0&lc=1033&id=285275&ru=https%3a%2f%2fredir.windows.microsoft.com%2fliveid%3fru%3den-us%252fwindows-8%252fwindows-pcs
http://windows.microsoft.com/en-us/windows/downloads,http://windows.microsoft.com/en-us/windows/home
http://windows.microsoft.com/en-us/windows/downloads,http://windows.microsoft.com/en-us/windows/home
http://windows.microsoft.com/en-us/windows/downloads,http://windows.microsoft.com/en-us/windows/downloads#bodyContentPane
http://windows.microsoft.com/en-us/windows/downloads,http://windows.microsoft.com/en-us/windows-8/why-windows
http://windows.microsoft.com/en-us/windows/downloads,http://windows.microsoft.com/en-us/windows-8/apps
http://windows.microsoft.com/en-us/windows/downloads,http://windows.microsoft.com/en-us/windows-8/windows-pcs
http://windows.microsoft.com/en-us/windows/downloads,http://windows.microsoft.com/en-us/windows/support
http://windows.microsoft.com/en-us/windows/downloads,https://account.live.com/summarypage.aspx
http://windows.microsoft.com/en-us/windows/downloads,http://login.live.com:80/logout.srf?rver=6.1.6206.0&lc=1033&id=285275&ru=https%3a%2f%2fredir.windows.microsoft.com%2fliveid%3fru%3den-us%252fwindows%252fdownloads
http://windows.microsoft.com/en-us/windows/support,http://windows.microsoft.com/en-us/windows/home
http://windows.microsoft.com/en-us/windows/support,http://windows.microsoft.com/en-us/windows/home
http://windows.microsoft.com/en-us/windows/support,http://windows.microsoft.com/en-us/windows/support#bodyContentPane
http://windows.microsoft.com/en-us/windows/support,http://windows.microsoft.com/en-us/windows-8/why-windows
http://windows.microsoft.com/en-us/windows/support,http://windows.microsoft.com/en-us/windows-8/apps
http://windows.microsoft.com/en-us/windows/support,http://windows.microsoft.com/en-us/windows-8/windows-pcs
http://windows.microsoft.com/en-us/windows/support,http://windows.microsoft.com/en-us/windows/downloads
http://windows.microsoft.com/en-us/windows/support,https://account.live.com/summarypage.aspx
http://windows.microsoft.com/en-us/windows/support,http://login.live.com:80/logout.srf?rver=6.1.6206.0&lc=1033&id=285275&ru=https%3a%2f%2fredir.windows.microsoft.com%2fliveid%3fru%3den-us%252fwindows%252fsupport
http://help.outlook.com/en-us/140/default(d=loband).aspx,http://help.outlook.com/id-id/140/cc325690(d=loband).aspx
http://help.outlook.com/en-us/140/default(d=loband).aspx,http://help.outlook.com/ms-my/140/cc325690(d=loband).aspx
http://help.outlook.com/en-us/140/default(d=loband).aspx,http://help.outlook.com/ca-es/140/cc325690(d=loband).aspx
http://help.outlook.com/en-us/140/default(d=loband).aspx,http://help.outlook.com/de-de/140/cc325690(d=loband).aspx
http://help.outlook.com/en-us/140/default(d=loband).aspx,http://help.outlook.com/en-au/140/cc325690(d=loband).aspx
http://help.outlook.com/en-us/140/default(d=loband).aspx,http://help.outlook.com/en-ca/140/cc325690(d=loband).aspx
http://help.outlook.com/en-us/140/default(d=loband).aspx,http://help.outlook.com/en-in/140/cc325690(d=loband).aspx
http://help.outlook.com/en-us/140/default(d=loband).aspx,http://help.outlook.com/en-gb/140/cc325690(d=loband).aspx
http://help.outlook.com/en-us/140/default(d=loband).aspx,http://help.outlook.com/en-us/140/cc325690(d=loband).aspx
http://help.outlook.com/id-id/140/bb899685(d=loband).aspx,http://help.outlook.com/id-id/140/default(d=loband).aspx
http://help.outlook.com/id-id/140/bb899685(d=loband).aspx,http://help.outlook.com/ms-my/140/bb899685(d=loband).aspx
http://help.outlook.com/id-id/140/bb899685(d=loband).aspx,http://help.outlook.com/ca-es/140/bb899685(d=loband).aspx
http://help.outlook.com/id-id/140/bb899685(d=loband).aspx,http://help.outlook.com/de-de/140/bb899685(d=loband).aspx
http://help.outlook.com/id-id/140/bb899685(d=loband).aspx,http://help.outlook.com/en-au/140/bb899685(d=loband).aspx
http://help.outlook.com/id-id/140/bb899685(d=loband).aspx,http://help.outlook.com/en-ca/140/bb899685(d=loband).aspx
http://help.outlook.com/id-id/140/bb899685(d=loband).aspx,http://help.outlook.com/en-in/140/bb899685(d=loband).aspx
http://help.outlook.com/id-id/140/bb899685(d=loband).aspx,http://help.outlook.com/en-gb/140/bb899685(d=loband).aspx
http://help.outlook.com/id-id/140/bb899685(d=loband).aspx,http://help.outlook.com/en-us/140/bb899685(d=loband).aspx
http://help.outlook.com/ms-my/140/bb899685(d=loband).aspx,http://help.outlook.com/ms-my/140/default(d=loband).aspx
http://help.outlook.com/ms-my/140/bb899685(d=loband).aspx,http://help.outlook.com/id-id/140/bb899685(d=loband).aspx
http://help.outlook.com/ms-my/140/bb899685(d=loband).aspx,http://help.outlook.com/ca-es/140/bb899685(d=loband).aspx
http://help.outlook.com/ms-my/140/bb899685(d=loband).aspx,http://help.outlook.com/de-de/140/bb899685(d=loband).aspx
http://help.outlook.com/ms-my/140/bb899685(d=loband).aspx,http://help.outlook.com/en-au/140/bb899685(d=loband).aspx
http://help.outlook.com/ms-my/140/bb899685(d=loband).aspx,http://help.outlook.com/en-ca/140/bb899685(d=loband).aspx
http://help.outlook.com/ms-my/140/bb899685(d=loband).aspx,http://help.outlook.com/en-in/140/bb899685(d=loband).aspx
http://help.outlook.com/ms-my/140/bb899685(d=loband).aspx,http://help.outlook.com/en-gb/140/bb899685(d=loband).aspx
http://help.outlook.com/ms-my/140/bb899685(d=loband).aspx,http://help.outlook.com/en-us/140/bb899685(d=loband).aspx
http://help.outlook.com/ca-es/140/bb899685(d=loband).aspx,http://help.outlook.com/ca-es/140/default(d=loband).aspx
http://help.outlook.com/ca-es/140/bb899685(d=loband).aspx,http://help.outlook.com/id-id/140/bb899685(d=loband).aspx
http://help.outlook.com/ca-es/140/bb899685(d=loband).aspx,http://help.outlook.com/ms-my/140/bb899685(d=loband).aspx
http://help.outlook.com/ca-es/140/bb899685(d=loband).aspx,http://help.outlook.com/de-de/140/bb899685(d=loband).aspx
http://help.outlook.com/ca-es/140/bb899685(d=loband).aspx,http://help.outlook.com/en-au/140/bb899685(d=loband).aspx
http://help.outlook.com/ca-es/140/bb899685(d=loband).aspx,http://help.outlook.com/en-ca/140/bb899685(d=loband).aspx
http://help.outlook.com/ca-es/140/bb899685(d=loband).aspx,http://help.outlook.com/en-in/140/bb899685(d=loband).aspx
http://help.outlook.com/ca-es/140/bb899685(d=loband).aspx,http://help.outlook.com/en-gb/140/bb899685(d=loband).aspx
http://help.outlook.com/ca-es/140/bb899685(d=loband).aspx,http://help.outlook.com/en-us/140/bb899685(d=loband).aspx
http://help.outlook.com/de-de/140/bb899685(d=loband).aspx,http://help.outlook.com/de-de/140/default(d=loband).aspx
http://help.outlook.com/de-de/140/bb899685(d=loband).aspx,http://help.outlook.com/id-id/140/bb899685(d=loband).aspx
http://help.outlook.com/de-de/140/bb899685(d=loband).aspx,http://help.outlook.com/ms-my/140/bb899685(d=loband).aspx
http://help.outlook.com/de-de/140/bb899685(d=loband).aspx,http://help.outlook.com/ca-es/140/bb899685(d=loband).aspx
http://help.outlook.com/de-de/140/bb899685(d=loband).aspx,http://help.outlook.com/en-au/140/bb899685(d=loband).aspx
http://help.outlook.com/de-de/140/bb899685(d=loband).aspx,http://help.outlook.com/en-ca/140/bb899685(d=loband).aspx
http://help.outlook.com/de-de/140/bb899685(d=loband).aspx,http://help.outlook.com/en-in/140/bb899685(d=loband).aspx
http://help.outlook.com/de-de/140/bb899685(d=loband).aspx,http://help.outlook.com/en-gb/140/bb899685(d=loband).aspx
http://help.outlook.com/de-de/140/bb899685(d=loband).aspx,http://help.outlook.com/en-us/140/bb899685(d=loband).aspx
http://help.outlook.com/en-au/140/bb899685(d=loband).aspx,http://help.outlook.com/en-au/140/default(d=loband).aspx
http://help.outlook.com/en-au/140/bb899685(d=loband).aspx,http://help.outlook.com/id-id/140/bb899685(d=loband).aspx
http://help.outlook.com/en-au/140/bb899685(d=loband).aspx,http://help.outlook.com/ms-my/140/bb899685(d=loband).aspx
http://help.outlook.com/en-au/140/bb899685(d=loband).aspx,http://help.outlook.com/ca-es/140/bb899685(d=loband).aspx
http://help.outlook.com/en-au/140/bb899685(d=loband).aspx,http://help.outlook.com/de-de/140/bb899685(d=loband).aspx
http://help.outlook.com/en-au/140/bb899685(d=loband).aspx,http://help.outlook.com/en-ca/140/bb899685(d=loband).aspx
http://help.outlook.com/en-au/140/bb899685(d=loband).aspx,http://help.outlook.com/en-in/140/bb899685(d=loband).aspx
http://help.outlook.com/en-au/140/bb899685(d=loband).aspx,http://help.outlook.com/en-gb/140/bb899685(d=loband).aspx
http://help.outlook.com/en-au/140/bb899685(d=loband).aspx,http://help.outlook.com/en-us/140/bb899685(d=loband).aspx
http://help.outlook.com/en-ca/140/bb899685(d=loband).aspx,http://help.outlook.com/en-ca/140/default(d=loband).aspx
http://help.outlook.com/en-ca/140/bb899685(d=loband).aspx,http://help.outlook.com/id-id/140/bb899685(d=loband).aspx
http://help.outlook.com/en-ca/140/bb899685(d=loband).aspx,http://help.outlook.com/ms-my/140/bb899685(d=loband).aspx
http://help.outlook.com/en-ca/140/bb899685(d=loband).aspx,http://help.outlook.com/ca-es/140/bb899685(d=loband).aspx
http://help.outlook.com/en-ca/140/bb899685(d=loband).aspx,http://help.outlook.com/de-de/140/bb899685(d=loband).aspx
http://help.outlook.com/en-ca/140/bb899685(d=loband).aspx,http://help.outlook.com/en-au/140/bb899685(d=loband).aspx
http://help.outlook.com/en-ca/140/bb899685(d=loband).aspx,http://help.outlook.com/en-in/140/bb899685(d=loband).aspx
http://help.outlook.com/en-ca/140/bb899685(d=loband).aspx,http://help.outlook.com/en-gb/140/bb899685(d=loband).aspx
http://help.outlook.com/en-ca/140/bb899685(d=loband).aspx,http://help.outlook.com/en-us/140/bb899685(d=loband).aspx
http://help.outlook.com/en-in/140/bb899685(d=loband).aspx,http://help.outlook.com/en-in/140/default(d=loband).aspx
http://help.outlook.com/en-in/140/bb899685(d=loband).aspx,http://help.outlook.com/id-id/140/bb899685(d=loband).aspx
http://help.outlook.com/en-in/140/bb899685(d=loband).aspx,http://help.outlook.com/ms-my/140/bb899685(d=loband).aspx
http://help.outlook.com/en-in/140/bb899685(d=loband).aspx,http://help.outlook.com/ca-es/140/bb899685(d=loband).aspx
http://help.outlook.com/en-in/140/bb899685(d=loband).aspx,http://help.outlook.com/de-de/140/bb899685(d=loband).aspx
http://help.outlook.com/en-in/140/bb899685(d=loband).aspx,http://help.outlook.com/en-au/140/bb899685(d=loband).aspx
http://help.outlook.com/en-in/140/bb899685(d=loband).aspx,http://help.outlook.com/en-ca/140/bb899685(d=loband).aspx
http://help.outlook.com/en-in/140/bb899685(d=loband).aspx,http://help.outlook.com/en-gb/140/bb899685(d=loband).aspx
http://help.outlook.com/en-in/140/bb899685(d=loband).aspx,http://help.outlook.com/en-us/140/bb899685(d=loband).aspx
http://help.outlook.com/en-gb/140/bb899685(d=loband).aspx,http://help.outlook.com/en-gb/140/default(d=loband).aspx
http://help.outlook.com/en-gb/140/bb899685(d=loband).aspx,http://help.outlook.com/id-id/140/bb899685(d=loband).aspx
http://help.outlook.com/en-gb/140/bb899685(d=loband).aspx,http://help.outlook.com/ms-my/140/bb899685(d=loband).aspx
http://help.outlook.com/en-gb/140/bb899685(d=loband).aspx,http://help.outlook.com/ca-es/140/bb899685(d=loband).aspx
http://help.outlook.com/en-gb/140/bb899685(d=loband).aspx,http://help.outlook.com/de-de/140/bb899685(d=loband).aspx
http://help.outlook.com/en-gb/140/bb899685(d=loband).aspx,http://help.outlook.com/en-au/140/bb899685(d=loband).aspx
http://help.outlook.com/en-gb/140/bb899685(d=loband).aspx,http://help.outlook.com/en-ca/140/bb899685(d=loband).aspx
http://help.outlook.com/en-gb/140/bb899685(d=loband).aspx,http://help.outlook.com/en-in/140/bb899685(d=loband).aspx
http://help.outlook.com/en-gb/140/bb899685(d=loband).aspx,http://help.outlook.com/en-us/140/bb899685(d=loband).aspx
http://help.outlook.com/en-us/140/bb899685(d=loband).aspx,http://help.outlook.com/en-us/140/default(d=loband).aspx
http://help.outlook.com/en-us/140/bb899685(d=loband).aspx,http://help.outlook.com/id-id/140/bb899685(d=loband).aspx
http://help.outlook.com/en-us/140/bb899685(d=loband).aspx,http://help.outlook.com/ms-my/140/bb899685(d=loband).aspx
http://help.outlook.com/en-us/140/bb899685(d=loband).aspx,http://help.outlook.com/ca-es/140/bb899685(d=loband).aspx
http://help.outlook.com/en-us/140/bb899685(d=loband).aspx,http://help.outlook.com/de-de/140/bb899685(d=loband).aspx
http://help.outlook.com/en-us/140/bb899685(d=loband).aspx,http://help.outlook.com/en-au/140/bb899685(d=loband).aspx
http://help.outlook.com/en-us/140/bb899685(d=loband).aspx,http://help.outlook.com/en-ca/140/bb899685(d=loband).aspx
http://help.outlook.com/en-us/140/bb899685(d=loband).aspx,http://help.outlook.com/en-in/140/bb899685(d=loband).aspx
http://help.outlook.com/en-us/140/bb899685(d=loband).aspx,http://help.outlook.com/en-gb/140/bb899685(d=loband).aspx
https://horizon.mcgill.ca/fr-PBAN1/twbkwbis.P_WWWLogin#main_content,https://horizon.mcgill.ca/pban1/twbkwbis.P_WWWLogin
https://horizon.mcgill.ca/fr-PBAN1/twbkwbis.P_WWWLogin#main_content,http://www.is.mcgill.ca/whelp/gen_help/login.htm#french
https://horizon.mcgill.ca/fr-PBAN1/twbkwbis.P_WWWLogin#main_content,https://horizon.mcgill.ca/fr-PBAN1/twbkwbis.P_Logout
https://horizon.mcgill.ca/fr-PBAN1/twbkwbis.P_WWWLogin#main_content,https://horizon.mcgill.ca/fr-PBAN1/bzgkemlv.p_forgot_id
https://horizon.mcgill.ca/fr-PBAN1/twbkwbis.P_WWWLogin#main_content,https://horizon.mcgill.ca/fr-PBAN1/twbkwbis.P_WWWLogin#
https://horizon.mcgill.ca/fr-PBAN1/twbkwbis.P_WWWLogin#main_content,http://www.mcgill.ca/forgot-password
https://horizon.mcgill.ca/fr-PBAN1/twbkwbis.P_WWWLogin#main_content,http://www.mcgill.ca/secretariat/policies/informationtechnology
https://horizon.mcgill.ca/fr-PBAN1/twbkwbis.P_WWWLogin#main_content,https://horizon.mcgill.ca/fr-PBAN1/twbkwbis.P_WWWLogin#top
https://horizon.mcgill.ca/pban1/twbkwbis.P_WWWLogin,https://horizon.mcgill.ca/pban1/twbkwbis.P_WWWLogin#main_content
https://horizon.mcgill.ca/pban1/twbkwbis.P_WWWLogin,https://horizon.mcgill.ca/fr-PBAN1/twbkwbis.P_WWWLogin
https://horizon.mcgill.ca/pban1/twbkwbis.P_WWWLogin,http://www.is.mcgill.ca/whelp/gen_help/login.htm
https://horizon.mcgill.ca/pban1/twbkwbis.P_WWWLogin,https://horizon.mcgill.ca/pban1/twbkwbis.P_Logout
https://horizon.mcgill.ca/pban1/twbkwbis.P_WWWLogin,https://horizon.mcgill.ca/pban1/bzgkemlv.p_forgot_id
https://horizon.mcgill.ca/pban1/twbkwbis.P_WWWLogin,https://horizon.mcgill.ca/pban1/twbkwbis.P_WWWLogin#
https://horizon.mcgill.ca/pban1/twbkwbis.P_WWWLogin,http://www.mcgill.ca/forgot-password
https://horizon.mcgill.ca/pban1/twbkwbis.P_WWWLogin,http://www.mcgill.ca/secretariat/policies/informationtechnology
https://horizon.mcgill.ca/pban1/twbkwbis.P_WWWLogin,https://horizon.mcgill.ca/pban1/twbkwbis.P_WWWLogin#top
http://www.is.mcgill.ca/whelp/gen_help/login.htm#french,http://kb.mcgill.ca/it/easylink/article.html?id=1431
http://www.is.mcgill.ca/whelp/gen_help/login.htm#french,http://kb.mcgill.ca/it/servicedesk
http://www.is.mcgill.ca/whelp/gen_help/login.htm#french,http://www.is.mcgill.ca/whelp/gen_help/login.htm#references
http://www.is.mcgill.ca/whelp/gen_help/login.htm#french,http://www.is.mcgill.ca/whelp/gen_help/login.htm#loginFirstTime
http://www.is.mcgill.ca/whelp/gen_help/login.htm#french,http://www.is.mcgill.ca/whelp/gen_help/login.htm#forgetID
http://www.is.mcgill.ca/whelp/gen_help/login.htm#french,http://www.is.mcgill.ca/whelp/gen_help/login.htm#forgetPIN
http://www.is.mcgill.ca/whelp/gen_help/login.htm#french,http://www.is.mcgill.ca/whelp/gen_help/login.htm#forgetPwd
http://www.is.mcgill.ca/whelp/gen_help/login.htm#french,http://www.is.mcgill.ca/whelp/gen_help/login.htm#changePIN_Pwd
http://www.is.mcgill.ca/whelp/gen_help/login.htm#french,http://www.is.mcgill.ca/whelp/gen_help/login.htm#before2002
https://horizon.mcgill.ca/fr-PBAN1/twbkwbis.P_Logout,https://horizon.mcgill.ca/fr-PBAN1/twbkwbis.P_Logout#main_content
https://horizon.mcgill.ca/fr-PBAN1/twbkwbis.P_Logout,http://www.is.mcgill.ca/whelp/gen_help/default_help.htm
https://horizon.mcgill.ca/fr-PBAN1/twbkwbis.P_Logout,https://horizon.mcgill.ca/fr-PBAN1/twbkwbis.P_WWWLogin
https://horizon.mcgill.ca/fr-PBAN1/twbkwbis.P_Logout,https://horizon.mcgill.ca/fr-PBAN1/twbkwbis.P_Logout#top
https://horizon.mcgill.ca/fr-PBAN1/bzgkemlv.p_forgot_id,https://horizon.mcgill.ca/fr-PBAN1/bzgkemlv.p_forgot_id#main_content
https://horizon.mcgill.ca/fr-PBAN1/bzgkemlv.p_forgot_id,http://www.is.mcgill.ca/whelp/gen_help/forgot_id.htm#french
https://horizon.mcgill.ca/fr-PBAN1/bzgkemlv.p_forgot_id,https://horizon.mcgill.ca/fr-PBAN1/twbkwbis.P_Logout
https://horizon.mcgill.ca/fr-PBAN1/bzgkemlv.p_forgot_id,https://horizon.mcgill.ca/fr-PBAN1/bzgkemlv.p_forgot_id#top
https://horizon.mcgill.ca/fr-PBAN1/twbkwbis.P_WWWLogin#,https://horizon.mcgill.ca/fr-PBAN1/twbkwbis.P_WWWLogin#main_content
https://horizon.mcgill.ca/fr-PBAN1/twbkwbis.P_WWWLogin#,https://horizon.mcgill.ca/pban1/twbkwbis.P_WWWLogin
https://horizon.mcgill.ca/fr-PBAN1/twbkwbis.P_WWWLogin#,http://www.is.mcgill.ca/whelp/gen_help/login.htm#french
https://horizon.mcgill.ca/fr-PBAN1/twbkwbis.P_WWWLogin#,https://horizon.mcgill.ca/fr-PBAN1/twbkwbis.P_Logout
https://horizon.mcgill.ca/fr-PBAN1/twbkwbis.P_WWWLogin#,https://horizon.mcgill.ca/fr-PBAN1/bzgkemlv.p_forgot_id
https://horizon.mcgill.ca/fr-PBAN1/twbkwbis.P_WWWLogin#,http://www.mcgill.ca/forgot-password
https://horizon.mcgill.ca/fr-PBAN1/twbkwbis.P_WWWLogin#,http://www.mcgill.ca/secretariat/policies/informationtechnology
https://horizon.mcgill.ca/fr-PBAN1/twbkwbis.P_WWWLogin#,https://horizon.mcgill.ca/fr-PBAN1/twbkwbis.P_WWWLogin#top
https://horizon.mcgill.ca/fr-PBAN1/twbkwbis.P_WWWLogin#top,https://horizon.mcgill.ca/fr-PBAN1/twbkwbis.P_WWWLogin#main_content
https://horizon.mcgill.ca/fr-PBAN1/twbkwbis.P_WWWLogin#top,https://horizon.mcgill.ca/pban1/twbkwbis.P_WWWLogin
https://horizon.mcgill.ca/fr-PBAN1/twbkwbis.P_WWWLogin#top,http://www.is.mcgill.ca/whelp/gen_help/login.htm#french
https://horizon.mcgill.ca/fr-PBAN1/twbkwbis.P_WWWLogin#top,https://horizon.mcgill.ca/fr-PBAN1/twbkwbis.P_Logout
https://horizon.mcgill.ca/fr-PBAN1/twbkwbis.P_WWWLogin#top,https://horizon.mcgill.ca/fr-PBAN1/bzgkemlv.p_forgot_id
https://horizon.mcgill.ca/fr-PBAN1/twbkwbis.P_WWWLogin#top,https://horizon.mcgill.ca/fr-PBAN1/twbkwbis.P_WWWLogin#
https://horizon.mcgill.ca/fr-PBAN1/twbkwbis.P_WWWLogin#top,http://www.mcgill.ca/forgot-password
https://horizon.mcgill.ca/fr-PBAN1/twbkwbis.P_WWWLogin#top,http://www.mcgill.ca/secretariat/policies/informationtechnology
http://www.is.mcgill.ca/whelp/gen_help/login.htm#references,http://www.is.mcgill.ca/whelp/gen_help/login.htm#french
http://www.is.mcgill.ca/whelp/gen_help/login.htm#references,http://kb.mcgill.ca/it/easylink/article.html?id=1431
http://www.is.mcgill.ca/whelp/gen_help/login.htm#references,http://kb.mcgill.ca/it/servicedesk
http://www.is.mcgill.ca/whelp/gen_help/login.htm#references,http://www.is.mcgill.ca/whelp/gen_help/login.htm#loginFirstTime
http://www.is.mcgill.ca/whelp/gen_help/login.htm#references,http://www.is.mcgill.ca/whelp/gen_help/login.htm#forgetID
http://www.is.mcgill.ca/whelp/gen_help/login.htm#references,http://www.is.mcgill.ca/whelp/gen_help/login.htm#forgetPIN
http://www.is.mcgill.ca/whelp/gen_help/login.htm#references,http://www.is.mcgill.ca/whelp/gen_help/login.htm#forgetPwd
http://www.is.mcgill.ca/whelp/gen_help/login.htm#references,http://www.is.mcgill.ca/whelp/gen_help/login.htm#changePIN_Pwd
http://www.is.mcgill.ca/whelp/gen_help/login.htm#references,http://www.is.mcgill.ca/whelp/gen_help/login.htm#before2002
http://www.is.mcgill.ca/whelp/gen_help/login.htm#loginFirstTime,http://www.is.mcgill.ca/whelp/gen_help/login.htm#french
http://www.is.mcgill.ca/whelp/gen_help/login.htm#loginFirstTime,http://kb.mcgill.ca/it/easylink/article.html?id=1431
http://www.is.mcgill.ca/whelp/gen_help/login.htm#loginFirstTime,http://kb.mcgill.ca/it/servicedesk
http://www.is.mcgill.ca/whelp/gen_help/login.htm#loginFirstTime,http://www.is.mcgill.ca/whelp/gen_help/login.htm#references
http://www.is.mcgill.ca/whelp/gen_help/login.htm#loginFirstTime,http://www.is.mcgill.ca/whelp/gen_help/login.htm#forgetID
http://www.is.mcgill.ca/whelp/gen_help/login.htm#loginFirstTime,http://www.is.mcgill.ca/whelp/gen_help/login.htm#forgetPIN
http://www.is.mcgill.ca/whelp/gen_help/login.htm#loginFirstTime,http://www.is.mcgill.ca/whelp/gen_help/login.htm#forgetPwd
http://www.is.mcgill.ca/whelp/gen_help/login.htm#loginFirstTime,http://www.is.mcgill.ca/whelp/gen_help/login.htm#changePIN_Pwd
http://www.is.mcgill.ca/whelp/gen_help/login.htm#loginFirstTime,http://www.is.mcgill.ca/whelp/gen_help/login.htm#before2002
http://www.is.mcgill.ca/whelp/gen_help/login.htm#forgetID,http://www.is.mcgill.ca/whelp/gen_help/login.htm#french
http://www.is.mcgill.ca/whelp/gen_help/login.htm#forgetID,http://kb.mcgill.ca/it/easylink/article.html?id=1431
http://www.is.mcgill.ca/whelp/gen_help/login.htm#forgetID,http://kb.mcgill.ca/it/servicedesk
http://www.is.mcgill.ca/whelp/gen_help/login.htm#forgetID,http://www.is.mcgill.ca/whelp/gen_help/login.htm#references
http://www.is.mcgill.ca/whelp/gen_help/login.htm#forgetID,http://www.is.mcgill.ca/whelp/gen_help/login.htm#loginFirstTime
http://www.is.mcgill.ca/whelp/gen_help/login.htm#forgetID,http://www.is.mcgill.ca/whelp/gen_help/login.htm#forgetPIN
http://www.is.mcgill.ca/whelp/gen_help/login.htm#forgetID,http://www.is.mcgill.ca/whelp/gen_help/login.htm#forgetPwd
http://www.is.mcgill.ca/whelp/gen_help/login.htm#forgetID,http://www.is.mcgill.ca/whelp/gen_help/login.htm#changePIN_Pwd
http://www.is.mcgill.ca/whelp/gen_help/login.htm#forgetID,http://www.is.mcgill.ca/whelp/gen_help/login.htm#before2002
http://www.is.mcgill.ca/whelp/gen_help/login.htm#forgetPIN,http://www.is.mcgill.ca/whelp/gen_help/login.htm#french
http://www.is.mcgill.ca/whelp/gen_help/login.htm#forgetPIN,http://kb.mcgill.ca/it/easylink/article.html?id=1431
http://www.is.mcgill.ca/whelp/gen_help/login.htm#forgetPIN,http://kb.mcgill.ca/it/servicedesk
http://www.is.mcgill.ca/whelp/gen_help/login.htm#forgetPIN,http://www.is.mcgill.ca/whelp/gen_help/login.htm#references
http://www.is.mcgill.ca/whelp/gen_help/login.htm#forgetPIN,http://www.is.mcgill.ca/whelp/gen_help/login.htm#loginFirstTime
http://www.is.mcgill.ca/whelp/gen_help/login.htm#forgetPIN,http://www.is.mcgill.ca/whelp/gen_help/login.htm#forgetID
http://www.is.mcgill.ca/whelp/gen_help/login.htm#forgetPIN,http://www.is.mcgill.ca/whelp/gen_help/login.htm#forgetPwd
http://www.is.mcgill.ca/whelp/gen_help/login.htm#forgetPIN,http://www.is.mcgill.ca/whelp/gen_help/login.htm#changePIN_Pwd
http://www.is.mcgill.ca/whelp/gen_help/login.htm#forgetPIN,http://www.is.mcgill.ca/whelp/gen_help/login.htm#before2002
http://www.is.mcgill.ca/whelp/gen_help/login.htm#forgetPwd,http://www.is.mcgill.ca/whelp/gen_help/login.htm#french
http://www.is.mcgill.ca/whelp/gen_help/login.htm#forgetPwd,http://kb.mcgill.ca/it/easylink/article.html?id=1431
http://www.is.mcgill.ca/whelp/gen_help/login.htm#forgetPwd,http://kb.mcgill.ca/it/servicedesk
http://www.is.mcgill.ca/whelp/gen_help/login.htm#forgetPwd,http://www.is.mcgill.ca/whelp/gen_help/login.htm#references
http://www.is.mcgill.ca/whelp/gen_help/login.htm#forgetPwd,http://www.is.mcgill.ca/whelp/gen_help/login.htm#loginFirstTime
http://www.is.mcgill.ca/whelp/gen_help/login.htm#forgetPwd,http://www.is.mcgill.ca/whelp/gen_help/login.htm#forgetID
http://www.is.mcgill.ca/whelp/gen_help/login.htm#forgetPwd,http://www.is.mcgill.ca/whelp/gen_help/login.htm#forgetPIN
http://www.is.mcgill.ca/whelp/gen_help/login.htm#forgetPwd,http://www.is.mcgill.ca/whelp/gen_help/login.htm#changePIN_Pwd
http://www.is.mcgill.ca/whelp/gen_help/login.htm#forgetPwd,http://www.is.mcgill.ca/whelp/gen_help/login.htm#before2002
http://www.is.mcgill.ca/whelp/gen_help/login.htm#changePIN_Pwd,http://www.is.mcgill.ca/whelp/gen_help/login.htm#french
http://www.is.mcgill.ca/whelp/gen_help/login.htm#changePIN_Pwd,http://kb.mcgill.ca/it/easylink/article.html?id=1431
http://www.is.mcgill.ca/whelp/gen_help/login.htm#changePIN_Pwd,http://kb.mcgill.ca/it/servicedesk
http://www.is.mcgill.ca/whelp/gen_help/login.htm#changePIN_Pwd,http://www.is.mcgill.ca/whelp/gen_help/login.htm#references
http://www.is.mcgill.ca/whelp/gen_help/login.htm#changePIN_Pwd,http://www.is.mcgill.ca/whelp/gen_help/login.htm#loginFirstTime
http://www.is.mcgill.ca/whelp/gen_help/login.htm#changePIN_Pwd,http://www.is.mcgill.ca/whelp/gen_help/login.htm#forgetID
http://www.is.mcgill.ca/whelp/gen_help/login.htm#changePIN_Pwd,http://www.is.mcgill.ca/whelp/gen_help/login.htm#forgetPIN
http://www.is.mcgill.ca/whelp/gen_help/login.htm#changePIN_Pwd,http://www.is.mcgill.ca/whelp/gen_help/login.htm#forgetPwd
http://www.is.mcgill.ca/whelp/gen_help/login.htm#changePIN_Pwd,http://www.is.mcgill.ca/whelp/gen_help/login.htm#before2002
http://www.is.mcgill.ca/whelp/gen_help/login.htm#before2002,http://www.is.mcgill.ca/whelp/gen_help/login.htm#french
http://www.is.mcgill.ca/whelp/gen_help/login.htm#before2002,http://kb.mcgill.ca/it/easylink/article.html?id=1431
http://www.is.mcgill.ca/whelp/gen_help/login.htm#before2002,http://kb.mcgill.ca/it/servicedesk
http://www.is.mcgill.ca/whelp/gen_help/login.htm#before2002,http://www.is.mcgill.ca/whelp/gen_help/login.htm#references
http://www.is.mcgill.ca/whelp/gen_help/login.htm#before2002,http://www.is.mcgill.ca/whelp/gen_help/login.htm#loginFirstTime
http://www.is.mcgill.ca/whelp/gen_help/login.htm#before2002,http://www.is.mcgill.ca/whelp/gen_help/login.htm#forgetID
http://www.is.mcgill.ca/whelp/gen_help/login.htm#before2002,http://www.is.mcgill.ca/whelp/gen_help/login.htm#forgetPIN
http://www.is.mcgill.ca/whelp/gen_help/login.htm#before2002,http://www.is.mcgill.ca/whelp/gen_help/login.htm#forgetPwd
http://www.is.mcgill.ca/whelp/gen_help/login.htm#before2002,http://www.is.mcgill.ca/whelp/gen_help/login.htm#changePIN_Pwd
https://horizon.mcgill.ca/pban1/twbkwbis.P_Logout#main_content,http://www.is.mcgill.ca/whelp/gen_help/default_help.htm
https://horizon.mcgill.ca/pban1/twbkwbis.P_Logout#main_content,https://horizon.mcgill.ca/pban1/twbkwbis.P_Logout
https://horizon.mcgill.ca/pban1/twbkwbis.P_Logout#main_content,https://horizon.mcgill.ca/pban1/twbkwbis.P_WWWLogin
https://horizon.mcgill.ca/pban1/twbkwbis.P_Logout#main_content,http://www.mcgill.ca
https://horizon.mcgill.ca/pban1/twbkwbis.P_Logout#main_content,https://horizon.mcgill.ca/pban1/twbkwbis.P_Logout#top
http://www.is.mcgill.ca/whelp/gen_help/default_help.htm,http://www.is.mcgill.ca/whelp/gen_help/default_help.htm#FRENCH
http://www.is.mcgill.ca/whelp/gen_help/default_help.htm,http://kb.mcgill.ca/it/minerva-students
http://www.is.mcgill.ca/whelp/gen_help/default_help.htm,http://kb.mcgill.ca/it/minerva-faculty-staff
http://www.is.mcgill.ca/whelp/gen_help/default_help.htm,http://www.mcgill.ca/minerva-guests
http://www.is.mcgill.ca/whelp/gen_help/default_help.htm,http://www.is.mcgill.ca/whelp/gen_help/search_help.htm
http://www.is.mcgill.ca/whelp/gen_help/default_help.htm,http://www.is.mcgill.ca/whelp/gen_help/default_help.htm#
https://horizon.mcgill.ca/pban1/twbkwbis.P_Logout#top,https://horizon.mcgill.ca/pban1/twbkwbis.P_Logout#main_content
https://horizon.mcgill.ca/pban1/twbkwbis.P_Logout#top,http://www.is.mcgill.ca/whelp/gen_help/default_help.htm
https://horizon.mcgill.ca/pban1/twbkwbis.P_Logout#top,https://horizon.mcgill.ca/pban1/twbkwbis.P_Logout
https://horizon.mcgill.ca/pban1/twbkwbis.P_Logout#top,https://horizon.mcgill.ca/pban1/twbkwbis.P_WWWLogin
https://horizon.mcgill.ca/pban1/twbkwbis.P_Logout#top,http://www.mcgill.ca
https://horizon.mcgill.ca/pban1/bzgkemlv.p_forgot_id#main_content,http://www.is.mcgill.ca/whelp/gen_help/forgot_id.htm
https://horizon.mcgill.ca/pban1/bzgkemlv.p_forgot_id#main_content,https://horizon.mcgill.ca/pban1/twbkwbis.P_Logout
https://horizon.mcgill.ca/pban1/bzgkemlv.p_forgot_id#main_content,https://horizon.mcgill.ca/pban1/bzgkemlv.p_forgot_id#top
http://www.is.mcgill.ca/whelp/gen_help/forgot_id.htm,http://www.is.mcgill.ca/whelp/gen_help/forgot_id.htm#french
http://www.is.mcgill.ca/whelp/gen_help/forgot_id.htm,http://www.mcgill.ca/students/servicepoint
http://www.is.mcgill.ca/whelp/gen_help/forgot_id.htm,http://kb.mcgill.ca/it/servicedesk
http://www.is.mcgill.ca/whelp/gen_help/forgot_id.htm,http://www.is.mcgill.ca/whelp/gen_help/forgot_id.htm#
http://www.is.mcgill.ca/whelp/gen_help/forgot_id.htm,http://www.mcgill.ca/students/servicepoint
http://www.is.mcgill.ca/whelp/gen_help/forgot_id.htm,http://kb.mcgill.ca/it/servicedesk
https://horizon.mcgill.ca/pban1/bzgkemlv.p_forgot_id#top,https://horizon.mcgill.ca/pban1/bzgkemlv.p_forgot_id#main_content
https://horizon.mcgill.ca/pban1/bzgkemlv.p_forgot_id#top,http://www.is.mcgill.ca/whelp/gen_help/forgot_id.htm
https://horizon.mcgill.ca/pban1/bzgkemlv.p_forgot_id#top,https://horizon.mcgill.ca/pban1/twbkwbis.P_Logout
http://aoc.mcgill.ca/fr/home-and-auto-insurance,http://www.mcgill.ca
http://aoc.mcgill.ca/fr/home-and-auto-insurance,http://aoc.mcgill.ca/benefits-services/insurance/home-and-auto-insurance
http://aoc.mcgill.ca/fr/home-and-auto-insurance,http://aoc.mcgill.ca/
http://aoc.mcgill.ca/fr/home-and-auto-insurance,http://aoc.mcgill.ca/fr/accueil
http://aoc.mcgill.ca/fr/home-and-auto-insurance,http://aoc.mcgill.ca/fr/r%C3%A9seauter
http://aoc.mcgill.ca/fr/home-and-auto-insurance,http://aoc.mcgill.ca/fr/avantages-services
http://aoc.mcgill.ca/fr/home-and-auto-insurance,https://www.alumni.mcgill.ca/aoc/events-travel/registration/regwizEventsList.php?aoc=1
http://aoc.mcgill.ca/fr/home-and-auto-insurance,http://aoc.mcgill.ca/fr/benevolat
http://aoc.mcgill.ca/fr/home-and-auto-insurance,http://aoc.mcgill.ca/fr/donner
http://aoc.mcgill.ca/fr/accueil,http://www.mcgill.ca
http://aoc.mcgill.ca/fr/accueil,http://aoc.mcgill.ca/
http://aoc.mcgill.ca/fr/accueil,http://aoc.mcgill.ca/
http://aoc.mcgill.ca/fr/accueil,http://aoc.mcgill.ca/fr/home-and-auto-insurance
http://aoc.mcgill.ca/fr/accueil,http://aoc.mcgill.ca/fr/r%C3%A9seauter
http://aoc.mcgill.ca/fr/accueil,http://aoc.mcgill.ca/fr/avantages-services
http://aoc.mcgill.ca/fr/accueil,https://www.alumni.mcgill.ca/aoc/events-travel/registration/regwizEventsList.php?aoc=1
http://aoc.mcgill.ca/fr/accueil,http://aoc.mcgill.ca/fr/benevolat
http://aoc.mcgill.ca/fr/accueil,http://aoc.mcgill.ca/fr/donner
http://windows.microsoft.com/en-us/windows/home#bodyContentPane,http://windows.microsoft.com/en-us/windows/home
http://windows.microsoft.com/en-us/windows/home#bodyContentPane,http://windows.microsoft.com/en-us/windows/home
http://windows.microsoft.com/en-us/windows/home#bodyContentPane,http://windows.microsoft.com/en-us/windows-8/why-windows
http://windows.microsoft.com/en-us/windows/home#bodyContentPane,http://windows.microsoft.com/en-us/windows-8/apps
http://windows.microsoft.com/en-us/windows/home#bodyContentPane,http://windows.microsoft.com/en-us/windows-8/windows-pcs
http://windows.microsoft.com/en-us/windows/home#bodyContentPane,http://windows.microsoft.com/en-us/windows/downloads
http://windows.microsoft.com/en-us/windows/home#bodyContentPane,http://windows.microsoft.com/en-us/windows/support
http://windows.microsoft.com/en-us/windows/home#bodyContentPane,https://account.live.com/summarypage.aspx
http://windows.microsoft.com/en-us/windows/home#bodyContentPane,http://login.live.com:80/logout.srf?rver=6.1.6206.0&lc=1033&id=285275&ru=https%3a%2f%2fredir.windows.microsoft.com%2fliveid%3fru%3den-us%252fwindows%252fhome
http://windows.microsoft.com/en-us/windows-8/why-windows#bodyContentPane,http://windows.microsoft.com/en-us/windows/home
http://windows.microsoft.com/en-us/windows-8/why-windows#bodyContentPane,http://windows.microsoft.com/en-us/windows/home
http://windows.microsoft.com/en-us/windows-8/why-windows#bodyContentPane,http://windows.microsoft.com/en-us/windows-8/why-windows
http://windows.microsoft.com/en-us/windows-8/why-windows#bodyContentPane,http://windows.microsoft.com/en-us/windows-8/apps
http://windows.microsoft.com/en-us/windows-8/why-windows#bodyContentPane,http://windows.microsoft.com/en-us/windows-8/windows-pcs
http://windows.microsoft.com/en-us/windows-8/why-windows#bodyContentPane,http://windows.microsoft.com/en-us/windows/downloads
http://windows.microsoft.com/en-us/windows-8/why-windows#bodyContentPane,http://windows.microsoft.com/en-us/windows/support
http://windows.microsoft.com/en-us/windows-8/why-windows#bodyContentPane,https://account.live.com/summarypage.aspx
http://windows.microsoft.com/en-us/windows-8/why-windows#bodyContentPane,http://login.live.com:80/logout.srf?rver=6.1.6206.0&lc=1033&id=285275&ru=https%3a%2f%2fredir.windows.microsoft.com%2fliveid%3fru%3den-us%252fwindows-8%252fwhy-windows
http://windows.microsoft.com/en-us/windows-8/apps#bodyContentPane,http://windows.microsoft.com/en-us/windows/home
http://windows.microsoft.com/en-us/windows-8/apps#bodyContentPane,http://windows.microsoft.com/en-us/windows/home
http://windows.microsoft.com/en-us/windows-8/apps#bodyContentPane,http://windows.microsoft.com/en-us/windows-8/why-windows
http://windows.microsoft.com/en-us/windows-8/apps#bodyContentPane,http://windows.microsoft.com/en-us/windows-8/apps
http://windows.microsoft.com/en-us/windows-8/apps#bodyContentPane,http://windows.microsoft.com/en-us/windows-8/windows-pcs
http://windows.microsoft.com/en-us/windows-8/apps#bodyContentPane,http://windows.microsoft.com/en-us/windows/downloads
http://windows.microsoft.com/en-us/windows-8/apps#bodyContentPane,http://windows.microsoft.com/en-us/windows/support
http://windows.microsoft.com/en-us/windows-8/apps#bodyContentPane,https://account.live.com/summarypage.aspx
http://windows.microsoft.com/en-us/windows-8/apps#bodyContentPane,http://login.live.com:80/logout.srf?rver=6.1.6206.0&lc=1033&id=285275&ru=https%3a%2f%2fredir.windows.microsoft.com%2fliveid%3fru%3den-us%252fwindows-8%252fapps
http://windows.microsoft.com/en-us/windows-8/windows-pcs#bodyContentPane,http://windows.microsoft.com/en-us/windows/home
http://windows.microsoft.com/en-us/windows-8/windows-pcs#bodyContentPane,http://windows.microsoft.com/en-us/windows/home
http://windows.microsoft.com/en-us/windows-8/windows-pcs#bodyContentPane,http://windows.microsoft.com/en-us/windows-8/why-windows
http://windows.microsoft.com/en-us/windows-8/windows-pcs#bodyContentPane,http://windows.microsoft.com/en-us/windows-8/apps
http://windows.microsoft.com/en-us/windows-8/windows-pcs#bodyContentPane,http://windows.microsoft.com/en-us/windows-8/windows-pcs
http://windows.microsoft.com/en-us/windows-8/windows-pcs#bodyContentPane,http://windows.microsoft.com/en-us/windows/downloads
http://windows.microsoft.com/en-us/windows-8/windows-pcs#bodyContentPane,http://windows.microsoft.com/en-us/windows/support
http://windows.microsoft.com/en-us/windows-8/windows-pcs#bodyContentPane,https://account.live.com/summarypage.aspx
http://windows.microsoft.com/en-us/windows-8/windows-pcs#bodyContentPane,http://login.live.com:80/logout.srf?rver=6.1.6206.0&lc=1033&id=285275&ru=https%3a%2f%2fredir.windows.microsoft.com%2fliveid%3fru%3den-us%252fwindows-8%252fwindows-pcs
http://windows.microsoft.com/en-us/windows/downloads#bodyContentPane,http://windows.microsoft.com/en-us/windows/home
http://windows.microsoft.com/en-us/windows/downloads#bodyContentPane,http://windows.microsoft.com/en-us/windows/home
http://windows.microsoft.com/en-us/windows/downloads#bodyContentPane,http://windows.microsoft.com/en-us/windows-8/why-windows
http://windows.microsoft.com/en-us/windows/downloads#bodyContentPane,http://windows.microsoft.com/en-us/windows-8/apps
http://windows.microsoft.com/en-us/windows/downloads#bodyContentPane,http://windows.microsoft.com/en-us/windows-8/windows-pcs
http://windows.microsoft.com/en-us/windows/downloads#bodyContentPane,http://windows.microsoft.com/en-us/windows/downloads
http://windows.microsoft.com/en-us/windows/downloads#bodyContentPane,http://windows.microsoft.com/en-us/windows/support
http://windows.microsoft.com/en-us/windows/downloads#bodyContentPane,https://account.live.com/summarypage.aspx
http://windows.microsoft.com/en-us/windows/downloads#bodyContentPane,http://login.live.com:80/logout.srf?rver=6.1.6206.0&lc=1033&id=285275&ru=https%3a%2f%2fredir.windows.microsoft.com%2fliveid%3fru%3den-us%252fwindows%252fdownloads
http://windows.microsoft.com/en-us/windows/support#bodyContentPane,http://windows.microsoft.com/en-us/windows/home
http://windows.microsoft.com/en-us/windows/support#bodyContentPane,http://windows.microsoft.com/en-us/windows/home
http://windows.microsoft.com/en-us/windows/support#bodyContentPane,http://windows.microsoft.com/en-us/windows-8/why-windows
http://windows.microsoft.com/en-us/windows/support#bodyContentPane,http://windows.microsoft.com/en-us/windows-8/apps
http://windows.microsoft.com/en-us/windows/support#bodyContentPane,http://windows.microsoft.com/en-us/windows-8/windows-pcs
http://windows.microsoft.com/en-us/windows/support#bodyContentPane,http://windows.microsoft.com/en-us/windows/downloads
http://windows.microsoft.com/en-us/windows/support#bodyContentPane,http://windows.microsoft.com/en-us/windows/support
http://windows.microsoft.com/en-us/windows/support#bodyContentPane,https://account.live.com/summarypage.aspx
http://windows.microsoft.com/en-us/windows/support#bodyContentPane,http://login.live.com:80/logout.srf?rver=6.1.6206.0&lc=1033&id=285275&ru=https%3a%2f%2fredir.windows.microsoft.com%2fliveid%3fru%3den-us%252fwindows%252fsupport
http://help.outlook.com/id-id/140/cc325690(d=loband).aspx,http://help.outlook.com/id-id/140/default(d=loband).aspx
http://help.outlook.com/id-id/140/cc325690(d=loband).aspx,http://help.outlook.com/ms-my/140/cc325690(d=loband).aspx
http://help.outlook.com/id-id/140/cc325690(d=loband).aspx,http://help.outlook.com/ca-es/140/cc325690(d=loband).aspx
http://help.outlook.com/id-id/140/cc325690(d=loband).aspx,http://help.outlook.com/de-de/140/cc325690(d=loband).aspx
http://help.outlook.com/id-id/140/cc325690(d=loband).aspx,http://help.outlook.com/en-au/140/cc325690(d=loband).aspx
http://help.outlook.com/id-id/140/cc325690(d=loband).aspx,http://help.outlook.com/en-ca/140/cc325690(d=loband).aspx
http://help.outlook.com/id-id/140/cc325690(d=loband).aspx,http://help.outlook.com/en-in/140/cc325690(d=loband).aspx
http://help.outlook.com/id-id/140/cc325690(d=loband).aspx,http://help.outlook.com/en-gb/140/cc325690(d=loband).aspx
http://help.outlook.com/id-id/140/cc325690(d=loband).aspx,http://help.outlook.com/en-us/140/cc325690(d=loband).aspx
http://help.outlook.com/ms-my/140/cc325690(d=loband).aspx,http://help.outlook.com/ms-my/140/default(d=loband).aspx
http://help.outlook.com/ms-my/140/cc325690(d=loband).aspx,http://help.outlook.com/id-id/140/cc325690(d=loband).aspx
http://help.outlook.com/ms-my/140/cc325690(d=loband).aspx,http://help.outlook.com/ca-es/140/cc325690(d=loband).aspx
http://help.outlook.com/ms-my/140/cc325690(d=loband).aspx,http://help.outlook.com/de-de/140/cc325690(d=loband).aspx
http://help.outlook.com/ms-my/140/cc325690(d=loband).aspx,http://help.outlook.com/en-au/140/cc325690(d=loband).aspx
http://help.outlook.com/ms-my/140/cc325690(d=loband).aspx,http://help.outlook.com/en-ca/140/cc325690(d=loband).aspx
http://help.outlook.com/ms-my/140/cc325690(d=loband).aspx,http://help.outlook.com/en-in/140/cc325690(d=loband).aspx
http://help.outlook.com/ms-my/140/cc325690(d=loband).aspx,http://help.outlook.com/en-gb/140/cc325690(d=loband).aspx
http://help.outlook.com/ms-my/140/cc325690(d=loband).aspx,http://help.outlook.com/en-us/140/cc325690(d=loband).aspx
http://help.outlook.com/ca-es/140/cc325690(d=loband).aspx,http://help.outlook.com/ca-es/140/default(d=loband).aspx
http://help.outlook.com/ca-es/140/cc325690(d=loband).aspx,http://help.outlook.com/id-id/140/cc325690(d=loband).aspx
http://help.outlook.com/ca-es/140/cc325690(d=loband).aspx,http://help.outlook.com/ms-my/140/cc325690(d=loband).aspx
http://help.outlook.com/ca-es/140/cc325690(d=loband).aspx,http://help.outlook.com/de-de/140/cc325690(d=loband).aspx
http://help.outlook.com/ca-es/140/cc325690(d=loband).aspx,http://help.outlook.com/en-au/140/cc325690(d=loband).aspx
http://help.outlook.com/ca-es/140/cc325690(d=loband).aspx,http://help.outlook.com/en-ca/140/cc325690(d=loband).aspx
http://help.outlook.com/ca-es/140/cc325690(d=loband).aspx,http://help.outlook.com/en-in/140/cc325690(d=loband).aspx
http://help.outlook.com/ca-es/140/cc325690(d=loband).aspx,http://help.outlook.com/en-gb/140/cc325690(d=loband).aspx
http://help.outlook.com/ca-es/140/cc325690(d=loband).aspx,http://help.outlook.com/en-us/140/cc325690(d=loband).aspx
http://help.outlook.com/de-de/140/cc325690(d=loband).aspx,http://help.outlook.com/de-de/140/default(d=loband).aspx
http://help.outlook.com/de-de/140/cc325690(d=loband).aspx,http://help.outlook.com/id-id/140/cc325690(d=loband).aspx
http://help.outlook.com/de-de/140/cc325690(d=loband).aspx,http://help.outlook.com/ms-my/140/cc325690(d=loband).aspx
http://help.outlook.com/de-de/140/cc325690(d=loband).aspx,http://help.outlook.com/ca-es/140/cc325690(d=loband).aspx
http://help.outlook.com/de-de/140/cc325690(d=loband).aspx,http://help.outlook.com/en-au/140/cc325690(d=loband).aspx
http://help.outlook.com/de-de/140/cc325690(d=loband).aspx,http://help.outlook.com/en-ca/140/cc325690(d=loband).aspx
http://help.outlook.com/de-de/140/cc325690(d=loband).aspx,http://help.outlook.com/en-in/140/cc325690(d=loband).aspx
http://help.outlook.com/de-de/140/cc325690(d=loband).aspx,http://help.outlook.com/en-gb/140/cc325690(d=loband).aspx
http://help.outlook.com/de-de/140/cc325690(d=loband).aspx,http://help.outlook.com/en-us/140/cc325690(d=loband).aspx
http://help.outlook.com/en-au/140/cc325690(d=loband).aspx,http://help.outlook.com/en-au/140/default(d=loband).aspx
http://help.outlook.com/en-au/140/cc325690(d=loband).aspx,http://help.outlook.com/id-id/140/cc325690(d=loband).aspx
http://help.outlook.com/en-au/140/cc325690(d=loband).aspx,http://help.outlook.com/ms-my/140/cc325690(d=loband).aspx
http://help.outlook.com/en-au/140/cc325690(d=loband).aspx,http://help.outlook.com/ca-es/140/cc325690(d=loband).aspx
http://help.outlook.com/en-au/140/cc325690(d=loband).aspx,http://help.outlook.com/de-de/140/cc325690(d=loband).aspx
http://help.outlook.com/en-au/140/cc325690(d=loband).aspx,http://help.outlook.com/en-ca/140/cc325690(d=loband).aspx
http://help.outlook.com/en-au/140/cc325690(d=loband).aspx,http://help.outlook.com/en-in/140/cc325690(d=loband).aspx
http://help.outlook.com/en-au/140/cc325690(d=loband).aspx,http://help.outlook.com/en-gb/140/cc325690(d=loband).aspx
http://help.outlook.com/en-au/140/cc325690(d=loband).aspx,http://help.outlook.com/en-us/140/cc325690(d=loband).aspx
http://help.outlook.com/en-ca/140/cc325690(d=loband).aspx,http://help.outlook.com/en-ca/140/default(d=loband).aspx
http://help.outlook.com/en-ca/140/cc325690(d=loband).aspx,http://help.outlook.com/id-id/140/cc325690(d=loband).aspx
http://help.outlook.com/en-ca/140/cc325690(d=loband).aspx,http://help.outlook.com/ms-my/140/cc325690(d=loband).aspx
http://help.outlook.com/en-ca/140/cc325690(d=loband).aspx,http://help.outlook.com/ca-es/140/cc325690(d=loband).aspx
http://help.outlook.com/en-ca/140/cc325690(d=loband).aspx,http://help.outlook.com/de-de/140/cc325690(d=loband).aspx
http://help.outlook.com/en-ca/140/cc325690(d=loband).aspx,http://help.outlook.com/en-au/140/cc325690(d=loband).aspx
http://help.outlook.com/en-ca/140/cc325690(d=loband).aspx,http://help.outlook.com/en-in/140/cc325690(d=loband).aspx
http://help.outlook.com/en-ca/140/cc325690(d=loband).aspx,http://help.outlook.com/en-gb/140/cc325690(d=loband).aspx
http://help.outlook.com/en-ca/140/cc325690(d=loband).aspx,http://help.outlook.com/en-us/140/cc325690(d=loband).aspx
http://help.outlook.com/en-in/140/cc325690(d=loband).aspx,http://help.outlook.com/en-in/140/default(d=loband).aspx
http://help.outlook.com/en-in/140/cc325690(d=loband).aspx,http://help.outlook.com/id-id/140/cc325690(d=loband).aspx
http://help.outlook.com/en-in/140/cc325690(d=loband).aspx,http://help.outlook.com/ms-my/140/cc325690(d=loband).aspx
http://help.outlook.com/en-in/140/cc325690(d=loband).aspx,http://help.outlook.com/ca-es/140/cc325690(d=loband).aspx
http://help.outlook.com/en-in/140/cc325690(d=loband).aspx,http://help.outlook.com/de-de/140/cc325690(d=loband).aspx
http://help.outlook.com/en-in/140/cc325690(d=loband).aspx,http://help.outlook.com/en-au/140/cc325690(d=loband).aspx
http://help.outlook.com/en-in/140/cc325690(d=loband).aspx,http://help.outlook.com/en-ca/140/cc325690(d=loband).aspx
http://help.outlook.com/en-in/140/cc325690(d=loband).aspx,http://help.outlook.com/en-gb/140/cc325690(d=loband).aspx
http://help.outlook.com/en-in/140/cc325690(d=loband).aspx,http://help.outlook.com/en-us/140/cc325690(d=loband).aspx
http://help.outlook.com/en-gb/140/cc325690(d=loband).aspx,http://help.outlook.com/en-gb/140/default(d=loband).aspx
http://help.outlook.com/en-gb/140/cc325690(d=loband).aspx,http://help.outlook.com/id-id/140/cc325690(d=loband).aspx
http://help.outlook.com/en-gb/140/cc325690(d=loband).aspx,http://help.outlook.com/ms-my/140/cc325690(d=loband).aspx
http://help.outlook.com/en-gb/140/cc325690(d=loband).aspx,http://help.outlook.com/ca-es/140/cc325690(d=loband).aspx
http://help.outlook.com/en-gb/140/cc325690(d=loband).aspx,http://help.outlook.com/de-de/140/cc325690(d=loband).aspx
http://help.outlook.com/en-gb/140/cc325690(d=loband).aspx,http://help.outlook.com/en-au/140/cc325690(d=loband).aspx
http://help.outlook.com/en-gb/140/cc325690(d=loband).aspx,http://help.outlook.com/en-ca/140/cc325690(d=loband).aspx
http://help.outlook.com/en-gb/140/cc325690(d=loband).aspx,http://help.outlook.com/en-in/140/cc325690(d=loband).aspx
http://help.outlook.com/en-gb/140/cc325690(d=loband).aspx,http://help.outlook.com/en-us/140/cc325690(d=loband).aspx
http://help.outlook.com/en-us/140/cc325690(d=loband).aspx,http://help.outlook.com/en-us/140/default(d=loband).aspx
http://help.outlook.com/en-us/140/cc325690(d=loband).aspx,http://help.outlook.com/id-id/140/cc325690(d=loband).aspx
http://help.outlook.com/en-us/140/cc325690(d=loband).aspx,http://help.outlook.com/ms-my/140/cc325690(d=loband).aspx
http://help.outlook.com/en-us/140/cc325690(d=loband).aspx,http://help.outlook.com/ca-es/140/cc325690(d=loband).aspx
http://help.outlook.com/en-us/140/cc325690(d=loband).aspx,http://help.outlook.com/de-de/140/cc325690(d=loband).aspx
http://help.outlook.com/en-us/140/cc325690(d=loband).aspx,http://help.outlook.com/en-au/140/cc325690(d=loband).aspx
http://help.outlook.com/en-us/140/cc325690(d=loband).aspx,http://help.outlook.com/en-ca/140/cc325690(d=loband).aspx
http://help.outlook.com/en-us/140/cc325690(d=loband).aspx,http://help.outlook.com/en-in/140/cc325690(d=loband).aspx
http://help.outlook.com/en-us/140/cc325690(d=loband).aspx,http://help.outlook.com/en-gb/140/cc325690(d=loband).aspx
http://help.outlook.com/id-id/140/default(d=loband).aspx,http://help.outlook.com/id-id/140/cc325690(d=loband).aspx
http://help.outlook.com/id-id/140/default(d=loband).aspx,http://help.outlook.com/ms-my/140/cc325690(d=loband).aspx
http://help.outlook.com/id-id/140/default(d=loband).aspx,http://help.outlook.com/ca-es/140/cc325690(d=loband).aspx
http://help.outlook.com/id-id/140/default(d=loband).aspx,http://help.outlook.com/de-de/140/cc325690(d=loband).aspx
http://help.outlook.com/id-id/140/default(d=loband).aspx,http://help.outlook.com/en-au/140/cc325690(d=loband).aspx
http://help.outlook.com/id-id/140/default(d=loband).aspx,http://help.outlook.com/en-ca/140/cc325690(d=loband).aspx
http://help.outlook.com/id-id/140/default(d=loband).aspx,http://help.outlook.com/en-in/140/cc325690(d=loband).aspx
http://help.outlook.com/id-id/140/default(d=loband).aspx,http://help.outlook.com/en-gb/140/cc325690(d=loband).aspx
http://help.outlook.com/id-id/140/default(d=loband).aspx,http://help.outlook.com/en-us/140/cc325690(d=loband).aspx
http://help.outlook.com/ms-my/140/default(d=loband).aspx,http://help.outlook.com/id-id/140/cc325690(d=loband).aspx
http://help.outlook.com/ms-my/140/default(d=loband).aspx,http://help.outlook.com/ms-my/140/cc325690(d=loband).aspx
http://help.outlook.com/ms-my/140/default(d=loband).aspx,http://help.outlook.com/ca-es/140/cc325690(d=loband).aspx
http://help.outlook.com/ms-my/140/default(d=loband).aspx,http://help.outlook.com/de-de/140/cc325690(d=loband).aspx
http://help.outlook.com/ms-my/140/default(d=loband).aspx,http://help.outlook.com/en-au/140/cc325690(d=loband).aspx
http://help.outlook.com/ms-my/140/default(d=loband).aspx,http://help.outlook.com/en-ca/140/cc325690(d=loband).aspx
http://help.outlook.com/ms-my/140/default(d=loband).aspx,http://help.outlook.com/en-in/140/cc325690(d=loband).aspx
http://help.outlook.com/ms-my/140/default(d=loband).aspx,http://help.outlook.com/en-gb/140/cc325690(d=loband).aspx
http://help.outlook.com/ms-my/140/default(d=loband).aspx,http://help.outlook.com/en-us/140/cc325690(d=loband).aspx
http://help.outlook.com/ca-es/140/default(d=loband).aspx,http://help.outlook.com/id-id/140/cc325690(d=loband).aspx
http://help.outlook.com/ca-es/140/default(d=loband).aspx,http://help.outlook.com/ms-my/140/cc325690(d=loband).aspx
http://help.outlook.com/ca-es/140/default(d=loband).aspx,http://help.outlook.com/ca-es/140/cc325690(d=loband).aspx
http://help.outlook.com/ca-es/140/default(d=loband).aspx,http://help.outlook.com/de-de/140/cc325690(d=loband).aspx
http://help.outlook.com/ca-es/140/default(d=loband).aspx,http://help.outlook.com/en-au/140/cc325690(d=loband).aspx
http://help.outlook.com/ca-es/140/default(d=loband).aspx,http://help.outlook.com/en-ca/140/cc325690(d=loband).aspx
http://help.outlook.com/ca-es/140/default(d=loband).aspx,http://help.outlook.com/en-in/140/cc325690(d=loband).aspx
http://help.outlook.com/ca-es/140/default(d=loband).aspx,http://help.outlook.com/en-gb/140/cc325690(d=loband).aspx
http://help.outlook.com/ca-es/140/default(d=loband).aspx,http://help.outlook.com/en-us/140/cc325690(d=loband).aspx
http://help.outlook.com/de-de/140/default(d=loband).aspx,http://help.outlook.com/id-id/140/cc325690(d=loband).aspx
http://help.outlook.com/de-de/140/default(d=loband).aspx,http://help.outlook.com/ms-my/140/cc325690(d=loband).aspx
http://help.outlook.com/de-de/140/default(d=loband).aspx,http://help.outlook.com/ca-es/140/cc325690(d=loband).aspx
http://help.outlook.com/de-de/140/default(d=loband).aspx,http://help.outlook.com/de-de/140/cc325690(d=loband).aspx
http://help.outlook.com/de-de/140/default(d=loband).aspx,http://help.outlook.com/en-au/140/cc325690(d=loband).aspx
http://help.outlook.com/de-de/140/default(d=loband).aspx,http://help.outlook.com/en-ca/140/cc325690(d=loband).aspx
http://help.outlook.com/de-de/140/default(d=loband).aspx,http://help.outlook.com/en-in/140/cc325690(d=loband).aspx
http://help.outlook.com/de-de/140/default(d=loband).aspx,http://help.outlook.com/en-gb/140/cc325690(d=loband).aspx
http://help.outlook.com/de-de/140/default(d=loband).aspx,http://help.outlook.com/en-us/140/cc325690(d=loband).aspx
http://help.outlook.com/en-au/140/default(d=loband).aspx,http://help.outlook.com/id-id/140/cc325690(d=loband).aspx
http://help.outlook.com/en-au/140/default(d=loband).aspx,http://help.outlook.com/ms-my/140/cc325690(d=loband).aspx
http://help.outlook.com/en-au/140/default(d=loband).aspx,http://help.outlook.com/ca-es/140/cc325690(d=loband).aspx
http://help.outlook.com/en-au/140/default(d=loband).aspx,http://help.outlook.com/de-de/140/cc325690(d=loband).aspx
http://help.outlook.com/en-au/140/default(d=loband).aspx,http://help.outlook.com/en-au/140/cc325690(d=loband).aspx
http://help.outlook.com/en-au/140/default(d=loband).aspx,http://help.outlook.com/en-ca/140/cc325690(d=loband).aspx
http://help.outlook.com/en-au/140/default(d=loband).aspx,http://help.outlook.com/en-in/140/cc325690(d=loband).aspx
http://help.outlook.com/en-au/140/default(d=loband).aspx,http://help.outlook.com/en-gb/140/cc325690(d=loband).aspx
http://help.outlook.com/en-au/140/default(d=loband).aspx,http://help.outlook.com/en-us/140/cc325690(d=loband).aspx
http://help.outlook.com/en-ca/140/default(d=loband).aspx,http://help.outlook.com/id-id/140/cc325690(d=loband).aspx
http://help.outlook.com/en-ca/140/default(d=loband).aspx,http://help.outlook.com/ms-my/140/cc325690(d=loband).aspx
http://help.outlook.com/en-ca/140/default(d=loband).aspx,http://help.outlook.com/ca-es/140/cc325690(d=loband).aspx
http://help.outlook.com/en-ca/140/default(d=loband).aspx,http://help.outlook.com/de-de/140/cc325690(d=loband).aspx
http://help.outlook.com/en-ca/140/default(d=loband).aspx,http://help.outlook.com/en-au/140/cc325690(d=loband).aspx
http://help.outlook.com/en-ca/140/default(d=loband).aspx,http://help.outlook.com/en-ca/140/cc325690(d=loband).aspx
http://help.outlook.com/en-ca/140/default(d=loband).aspx,http://help.outlook.com/en-in/140/cc325690(d=loband).aspx
http://help.outlook.com/en-ca/140/default(d=loband).aspx,http://help.outlook.com/en-gb/140/cc325690(d=loband).aspx
http://help.outlook.com/en-ca/140/default(d=loband).aspx,http://help.outlook.com/en-us/140/cc325690(d=loband).aspx
http://help.outlook.com/en-in/140/default(d=loband).aspx,http://help.outlook.com/id-id/140/cc325690(d=loband).aspx
http://help.outlook.com/en-in/140/default(d=loband).aspx,http://help.outlook.com/ms-my/140/cc325690(d=loband).aspx
http://help.outlook.com/en-in/140/default(d=loband).aspx,http://help.outlook.com/ca-es/140/cc325690(d=loband).aspx
http://help.outlook.com/en-in/140/default(d=loband).aspx,http://help.outlook.com/de-de/140/cc325690(d=loband).aspx
http://help.outlook.com/en-in/140/default(d=loband).aspx,http://help.outlook.com/en-au/140/cc325690(d=loband).aspx
http://help.outlook.com/en-in/140/default(d=loband).aspx,http://help.outlook.com/en-ca/140/cc325690(d=loband).aspx
http://help.outlook.com/en-in/140/default(d=loband).aspx,http://help.outlook.com/en-in/140/cc325690(d=loband).aspx
http://help.outlook.com/en-in/140/default(d=loband).aspx,http://help.outlook.com/en-gb/140/cc325690(d=loband).aspx
http://help.outlook.com/en-in/140/default(d=loband).aspx,http://help.outlook.com/en-us/140/cc325690(d=loband).aspx
http://help.outlook.com/en-gb/140/default(d=loband).aspx,http://help.outlook.com/id-id/140/cc325690(d=loband).aspx
http://help.outlook.com/en-gb/140/default(d=loband).aspx,http://help.outlook.com/ms-my/140/cc325690(d=loband).aspx
http://help.outlook.com/en-gb/140/default(d=loband).aspx,http://help.outlook.com/ca-es/140/cc325690(d=loband).aspx
http://help.outlook.com/en-gb/140/default(d=loband).aspx,http://help.outlook.com/de-de/140/cc325690(d=loband).aspx
http://help.outlook.com/en-gb/140/default(d=loband).aspx,http://help.outlook.com/en-au/140/cc325690(d=loband).aspx
http://help.outlook.com/en-gb/140/default(d=loband).aspx,http://help.outlook.com/en-ca/140/cc325690(d=loband).aspx
http://help.outlook.com/en-gb/140/default(d=loband).aspx,http://help.outlook.com/en-in/140/cc325690(d=loband).aspx
http://help.outlook.com/en-gb/140/default(d=loband).aspx,http://help.outlook.com/en-gb/140/cc325690(d=loband).aspx
http://help.outlook.com/en-gb/140/default(d=loband).aspx,http://help.outlook.com/en-us/140/cc325690(d=loband).aspx
https://horizon.mcgill.ca/fr-PBAN1/twbkwbis.P_Logout#main_content,http://www.is.mcgill.ca/whelp/gen_help/default_help.htm
https://horizon.mcgill.ca/fr-PBAN1/twbkwbis.P_Logout#main_content,https://horizon.mcgill.ca/fr-PBAN1/twbkwbis.P_Logout
https://horizon.mcgill.ca/fr-PBAN1/twbkwbis.P_Logout#main_content,https://horizon.mcgill.ca/fr-PBAN1/twbkwbis.P_WWWLogin
https://horizon.mcgill.ca/fr-PBAN1/twbkwbis.P_Logout#main_content,https://horizon.mcgill.ca/fr-PBAN1/twbkwbis.P_Logout#top
https://horizon.mcgill.ca/fr-PBAN1/twbkwbis.P_Logout#top,https://horizon.mcgill.ca/fr-PBAN1/twbkwbis.P_Logout#main_content
https://horizon.mcgill.ca/fr-PBAN1/twbkwbis.P_Logout#top,http://www.is.mcgill.ca/whelp/gen_help/default_help.htm
https://horizon.mcgill.ca/fr-PBAN1/twbkwbis.P_Logout#top,https://horizon.mcgill.ca/fr-PBAN1/twbkwbis.P_Logout
https://horizon.mcgill.ca/fr-PBAN1/twbkwbis.P_Logout#top,https://horizon.mcgill.ca/fr-PBAN1/twbkwbis.P_WWWLogin
https://horizon.mcgill.ca/fr-PBAN1/bzgkemlv.p_forgot_id#main_content,http://www.is.mcgill.ca/whelp/gen_help/forgot_id.htm#french
https://horizon.mcgill.ca/fr-PBAN1/bzgkemlv.p_forgot_id#main_content,https://horizon.mcgill.ca/fr-PBAN1/twbkwbis.P_Logout
https://horizon.mcgill.ca/fr-PBAN1/bzgkemlv.p_forgot_id#main_content,https://horizon.mcgill.ca/fr-PBAN1/bzgkemlv.p_forgot_id#top
http://www.is.mcgill.ca/whelp/gen_help/forgot_id.htm#french,http://www.mcgill.ca/students/servicepoint
http://www.is.mcgill.ca/whelp/gen_help/forgot_id.htm#french,http://kb.mcgill.ca/it/servicedesk
http://www.is.mcgill.ca/whelp/gen_help/forgot_id.htm#french,http://www.is.mcgill.ca/whelp/gen_help/forgot_id.htm#
http://www.is.mcgill.ca/whelp/gen_help/forgot_id.htm#french,http://www.mcgill.ca/students/servicepoint
http://www.is.mcgill.ca/whelp/gen_help/forgot_id.htm#french,http://kb.mcgill.ca/it/servicedesk
https://horizon.mcgill.ca/fr-PBAN1/bzgkemlv.p_forgot_id#top,https://horizon.mcgill.ca/fr-PBAN1/bzgkemlv.p_forgot_id#main_content
https://horizon.mcgill.ca/fr-PBAN1/bzgkemlv.p_forgot_id#top,http://www.is.mcgill.ca/whelp/gen_help/forgot_id.htm#french
https://horizon.mcgill.ca/fr-PBAN1/bzgkemlv.p_forgot_id#top,https://horizon.mcgill.ca/fr-PBAN1/twbkwbis.P_Logout
http://www.is.mcgill.ca/whelp/gen_help/default_help.htm#FRENCH,http://kb.mcgill.ca/it/minerva-students
http://www.is.mcgill.ca/whelp/gen_help/default_help.htm#FRENCH,http://kb.mcgill.ca/it/minerva-faculty-staff
http://www.is.mcgill.ca/whelp/gen_help/default_help.htm#FRENCH,http://www.mcgill.ca/minerva-guests
http://www.is.mcgill.ca/whelp/gen_help/default_help.htm#FRENCH,http://www.is.mcgill.ca/whelp/gen_help/search_help.htm
http://www.is.mcgill.ca/whelp/gen_help/default_help.htm#FRENCH,http://www.is.mcgill.ca/whelp/gen_help/default_help.htm#
http://www.mcgill.ca/minerva-guests,http://www.mcgill.ca
http://www.mcgill.ca/minerva-guests,https://exchange.mcgill.ca/
http://www.mcgill.ca/minerva-guests,http://www.mcgill.ca/minerva
http://www.mcgill.ca/minerva-guests,https://mycourses2.mcgill.ca/Shibboleth.sso/Login
http://www.mcgill.ca/minerva-guests,https://mymcgill.mcgill.ca
http://www.mcgill.ca/minerva-guests,http://www.mcgill.ca/maps
http://www.mcgill.ca/minerva-guests,http://www.mcgill.ca/directory/staff
http://www.mcgill.ca/minerva-guests,http://www.mcgill.ca/
http://www.mcgill.ca/minerva-guests,http://www.mcgill.ca/
http://www.mcgill.ca/minerva-guests,http://www.mcgill.ca/about/
http://www.is.mcgill.ca/whelp/gen_help/search_help.htm,http://www.is.mcgill.ca/whelp/gen_help/search_help.htm#FRENCH
http://www.is.mcgill.ca/whelp/gen_help/search_help.htm,http://www.is.mcgill.ca/whelp/gen_help/search_help.htm#
http://www.is.mcgill.ca/whelp/gen_help/default_help.htm#,http://www.is.mcgill.ca/whelp/gen_help/default_help.htm#FRENCH
http://www.is.mcgill.ca/whelp/gen_help/default_help.htm#,http://kb.mcgill.ca/it/minerva-students
http://www.is.mcgill.ca/whelp/gen_help/default_help.htm#,http://kb.mcgill.ca/it/minerva-faculty-staff
http://www.is.mcgill.ca/whelp/gen_help/default_help.htm#,http://www.mcgill.ca/minerva-guests
http://www.is.mcgill.ca/whelp/gen_help/default_help.htm#,http://www.is.mcgill.ca/whelp/gen_help/search_help.htm
http://www.mcgill.ca/students/servicepoint,http://www.mcgill.ca
http://www.mcgill.ca/students/servicepoint,https://exchange.mcgill.ca/
http://www.mcgill.ca/students/servicepoint,http://www.mcgill.ca/minerva
http://www.mcgill.ca/students/servicepoint,https://mycourses2.mcgill.ca/Shibboleth.sso/Login
http://www.mcgill.ca/students/servicepoint,https://mymcgill.mcgill.ca
http://www.mcgill.ca/students/servicepoint,http://www.mcgill.ca/maps
http://www.mcgill.ca/students/servicepoint,http://www.mcgill.ca/directory/staff
http://www.mcgill.ca/students/servicepoint,http://www.mcgill.ca/
http://www.mcgill.ca/students/servicepoint,http://www.mcgill.ca/
http://www.mcgill.ca/students/servicepoint,http://www.mcgill.ca/about/
http://www.is.mcgill.ca/whelp/gen_help/forgot_id.htm#,http://www.is.mcgill.ca/whelp/gen_help/forgot_id.htm#french
http://www.is.mcgill.ca/whelp/gen_help/forgot_id.htm#,http://www.mcgill.ca/students/servicepoint
http://www.is.mcgill.ca/whelp/gen_help/forgot_id.htm#,http://kb.mcgill.ca/it/servicedesk
http://www.is.mcgill.ca/whelp/gen_help/forgot_id.htm#,http://www.mcgill.ca/students/servicepoint
http://www.is.mcgill.ca/whelp/gen_help/forgot_id.htm#,http://kb.mcgill.ca/it/servicedesk
http://aoc.mcgill.ca/benefits-services/insurance/home-and-auto-insurance,http://www.mcgill.ca
http://aoc.mcgill.ca/benefits-services/insurance/home-and-auto-insurance,http://aoc.mcgill.ca/fr/home-and-auto-insurance
http://aoc.mcgill.ca/benefits-services/insurance/home-and-auto-insurance,http://aoc.mcgill.ca/
http://aoc.mcgill.ca/benefits-services/insurance/home-and-auto-insurance,http://aoc.mcgill.ca/
http://aoc.mcgill.ca/benefits-services/insurance/home-and-auto-insurance,http://aoc.mcgill.ca/network
http://aoc.mcgill.ca/benefits-services/insurance/home-and-auto-insurance,http://aoc.mcgill.ca/benefits-services
http://aoc.mcgill.ca/benefits-services/insurance/home-and-auto-insurance,https://www.alumni.mcgill.ca/aoc/events-travel/registration/regwizEventsList.php?aoc=1
http://aoc.mcgill.ca/benefits-services/insurance/home-and-auto-insurance,http://aoc.mcgill.ca/volunteer
http://aoc.mcgill.ca/benefits-services/insurance/home-and-auto-insurance,http://aoc.mcgill.ca/give
http://aoc.mcgill.ca/benefits-services/insurance/home-and-auto-insurance,http://aoc.mcgill.ca/travel
http://www.is.mcgill.ca/whelp/gen_help/search_help.htm#FRENCH,http://www.is.mcgill.ca/whelp/gen_help/search_help.htm#
http://www.is.mcgill.ca/whelp/gen_help/search_help.htm#,http://www.is.mcgill.ca/whelp/gen_help/search_help.htm#FRENCH
